"BR-CODE-150928","5D3PBKFQ","2015-08-16 15:17:10",-43.85885915,-19.78832475
"BR-CODE-150928","5D3PBKFV","2015-08-16 15:17:09",-43.85878666,-19.78820927
"BR-CODE-150928","5D3PBKG8","2015-08-16 15:17:51",-43.85891337,-19.78848285
"BR-CODE-150928","5D3PBKHE","2015-08-16 15:18:31",-43.85775125,-19.78290806
"BR-CODE-150928","5D3PBKHI","2015-08-16 15:17:12",-43.85892916,-19.78844186
"BR-CODE-150928","5D3PBKI3","2015-08-16 15:17:11",-43.85890598,-19.78840270
"BR-CODE-150928","5D3PBKI8","2015-08-16 15:18:41",-43.85777851,-19.78155959
"BR-CODE-150928","5D3PBKIC","2015-08-16 15:17:09",-43.85881118,-19.78824767
"BR-CODE-150928","5D3PBKIF","2015-08-16 15:18:34",-43.85775345,-19.78259400
"BR-CODE-150928","5D3PBKIG","2015-08-16 15:18:27",-43.85775593,-19.78358235
"BR-CODE-150928","5D3PBKII","2015-08-16 15:18:46",-43.85792002,-19.78094366
"BR-CODE-150928","5D3PBKIJ","2015-08-16 15:17:10",-43.85883533,-19.78828616
"BR-CODE-150928","5D3PBKIO","2015-08-16 15:18:45",-43.85787903,-19.78107333
"BR-CODE-150928","5D3PBKIV","2015-08-16 15:17:11",-43.85888261,-19.78836356
"BR-CODE-150928","5D3PBKIW","2015-08-16 15:18:30",-43.85775315,-19.78313256
"BR-CODE-150928","5D3PBKIX","2015-08-16 15:18:48",-43.85802847,-19.78069333
"BR-CODE-150928","5D3PBKIZ","2015-08-16 15:18:28",-43.85775438,-19.78340225
"BR-CODE-150928","5D3PBKJ2","2015-08-16 15:18:36",-43.85775795,-19.78223457
"BR-CODE-150928","5D3PBKJ6","2015-08-16 15:18:47",-43.85796968,-19.78081684
"BR-CODE-150928","5D3PBKJ8","2015-08-16 15:18:30",-43.85775186,-19.78304261
"BR-CODE-150928","5D3PBKJA","2015-08-16 15:18:28",-43.85775456,-19.78344725
"BR-CODE-150928","5D3PBKJB","2015-08-16 15:18:28",-43.85775452,-19.78335732
"BR-CODE-150928","5D3PBKJC","2015-08-16 15:18:32",-43.85775164,-19.78277360
"BR-CODE-150928","5D3PBKJD","2015-08-16 15:18:44",-43.85784563,-19.78120485
"BR-CODE-150928","5D3PBKJE","2015-08-16 15:18:31",-43.85775165,-19.78299777
"BR-CODE-150928","5D3PBKJG","2015-08-16 15:18:32",-43.85775130,-19.78286322
"BR-CODE-150928","5D3PBKJH","2015-08-16 15:18:40",-43.85777015,-19.78169399
"BR-CODE-150928","5D3PBKJJ","2015-08-16 15:18:30",-43.85775252,-19.78308758
"BR-CODE-150928","5D3PBKJM","2015-08-16 15:18:57",-43.85871146,-19.77949572
"BR-CODE-150928","5D3PBKJN","2015-08-16 15:18:38",-43.85776148,-19.78200960
"BR-CODE-150928","5D3PBKJO","2015-08-16 15:18:31",-43.85775137,-19.78295296
"BR-CODE-150928","5D3PBKJP","2015-08-16 15:18:37",-43.85775917,-19.78214468
"BR-CODE-150928","5D3PBKJR","2015-08-16 15:18:38",-43.85776378,-19.78191956
"BR-CODE-150928","5D3PBKJS","2015-08-16 15:18:28",-43.85775455,-19.78331232
"BR-CODE-150928","5D3PBKJT","2015-08-16 15:18:40",-43.85777198,-19.78164910
"BR-CODE-150928","5D3PBKJU","2015-08-16 15:18:42",-43.85779116,-19.78147058
"BR-CODE-150928","5D3PBKJV","2015-08-16 15:18:27",-43.85775522,-19.78353728
"BR-CODE-150928","5D3PBKJW","2015-08-16 15:18:49",-43.85811574,-19.78053186
"BR-CODE-150928","5D3PBKJX","2015-08-16 15:18:39",-43.85776746,-19.78178409
"BR-CODE-150928","5D3PBKJY","2015-08-16 15:18:35",-43.85775699,-19.78232444
"BR-CODE-150928","5D3PBKK0","2015-08-16 15:18:33",-43.85775215,-19.78272878
"BR-CODE-150928","5D3PBKK1","2015-08-16 15:18:39",-43.85776482,-19.78187431
"BR-CODE-150928","5D3PBKK3","2015-08-16 15:18:34",-43.85775441,-19.78250414
"BR-CODE-150928","5D3PBKK5","2015-08-16 15:19:04",-43.85928892,-19.77850426
"BR-CODE-150928","5D3PBKK6","2015-08-16 15:18:50",-43.85822908,-19.78033170
"BR-CODE-150928","5D3PBKK7","2015-08-16 15:18:34",-43.85775503,-19.78245921
"BR-CODE-150928","5D3PBKK8","2015-08-16 15:18:36",-43.85775738,-19.78227953
"BR-CODE-150928","5D3PBKKC","2015-08-16 15:19:05",-43.85937946,-19.77834489
"BR-CODE-150928","5D3PBKKD","2015-08-16 15:18:45",-43.85790539,-19.78098670
"BR-CODE-150928","5D3PBKKE","2015-08-16 15:18:50",-43.85820643,-19.78037172
"BR-CODE-150928","5D3PBKKF","2015-08-16 15:19:06",-43.85944241,-19.77822267
"BR-CODE-150928","5D3PBKKI","2015-08-16 15:18:44",-43.85785575,-19.78116074
"BR-CODE-150928","5D3PBKKJ","2015-08-16 15:18:52",-43.85836424,-19.78009106
"BR-CODE-150928","5D3PBKKK","2015-08-16 15:18:27",-43.85775477,-19.78349226
"BR-CODE-150928","5D3PBKKL","2015-08-16 15:18:55",-43.85857144,-19.77973302
"BR-CODE-150928","5D3PBKKM","2015-08-16 15:19:07",-43.85954560,-19.77796954
"BR-CODE-150928","5D3PBKKN","2015-08-16 15:18:52",-43.85834137,-19.78013093
"BR-CODE-150928","5D3PBKKO","2015-08-16 15:18:47",-43.85798834,-19.78077533
"BR-CODE-150928","5D3PBKKP","2015-08-16 15:18:49",-43.85809319,-19.78057207
"BR-CODE-150928","5D3PBKKQ","2015-08-16 15:19:08",-43.85955930,-19.77792621
"BR-CODE-150928","5D3PBKKR","2015-08-16 15:18:51",-43.85825174,-19.78029163
"BR-CODE-150928","5D3PBKKT","2015-08-16 15:18:53",-43.85845584,-19.77993169
"BR-CODE-150928","5D3PBKKU","2015-08-16 15:18:54",-43.85852530,-19.77981243
"BR-CODE-150928","5D3PBKKV","2015-08-16 15:19:03",-43.85926585,-19.77854396
"BR-CODE-150928","5D3PBKKY","2015-08-16 15:18:29",-43.85775391,-19.78322242
"BR-CODE-150928","5D3PBKKZ","2015-08-16 15:18:54",-43.85850198,-19.77985213
"BR-CODE-150928","5D3PBKL0","2015-08-16 15:18:42",-43.85779942,-19.78142619
"BR-CODE-150928","5D3PBKL1","2015-08-16 15:18:52",-43.85831899,-19.78017092
"BR-CODE-150928","5D3PBKL2","2015-08-16 15:18:37",-43.85776010,-19.78209967
"BR-CODE-150928","5D3PBKL3","2015-08-16 15:18:53",-43.85838711,-19.78005105
"BR-CODE-150928","5D3PBKL4","2015-08-16 15:18:48",-43.85804955,-19.78065270
"BR-CODE-150928","5D3PBKL6","2015-08-16 15:18:56",-43.85864082,-19.77961417
"BR-CODE-150928","5D3PBKL7","2015-08-16 15:19:06",-43.85946165,-19.77818125
"BR-CODE-150928","5D3PBKL9","2015-08-16 15:18:35",-43.85775650,-19.78236937
"BR-CODE-150928","5D3PBKLA","2015-08-16 15:18:34",-43.85775388,-19.78254915
"BR-CODE-150928","5D3PBKLB","2015-08-16 15:19:12",-43.85963858,-19.77721157
"BR-CODE-150928","5D3PBKLC","2015-08-16 15:18:41",-43.85777436,-19.78160432
"BR-CODE-150928","5D3PBKLD","2015-08-16 15:18:50",-43.85818368,-19.78041178
"BR-CODE-150928","5D3PBKLE","2015-08-16 15:18:58",-43.85880493,-19.77933736
"BR-CODE-150928","5D3PBKLG","2015-08-16 15:19:05",-43.85940117,-19.77830445
"BR-CODE-150928","5D3PBKLJ","2015-08-16 15:18:36",-43.85775861,-19.78218963
"BR-CODE-150928","5D3PBKLK","2015-08-16 15:18:57",-43.85873478,-19.77945616
"BR-CODE-150928","5D3PBKLL","2015-08-16 15:18:55",-43.85859448,-19.77969342
"BR-CODE-150928","5D3PBKLM","2015-08-16 15:19:00",-43.85894436,-19.77909960
"BR-CODE-150928","5D3PBKLN","2015-08-16 15:18:56",-43.85868803,-19.77953516
"BR-CODE-150928","5D3PBKLO","2015-08-16 15:18:54",-43.85847886,-19.77989189
"BR-CODE-150928","5D3PBKLP","2015-08-16 15:18:35",-43.85775583,-19.78241433
"BR-CODE-150928","5D3PBKLR","2015-08-16 15:18:41",-43.85778416,-19.78151501
"BR-CODE-150928","5D3PBKLS","2015-08-16 15:18:53",-43.85843290,-19.77997141
"BR-CODE-150928","5D3PBKLT","2015-08-16 15:21:23",-43.85734743,-19.78255853
"BR-CODE-150928","5D3PBKLU","2015-08-16 15:19:10",-43.85963418,-19.77752660
"BR-CODE-150928","5D3PBKLV","2015-08-16 15:18:59",-43.85892126,-19.77913930
"BR-CODE-150928","5D3PBKLW","2015-08-16 15:18:48",-43.85807094,-19.78061223
"BR-CODE-150928","5D3PBKLX","2015-08-16 15:21:27",-43.85701964,-19.78254761
"BR-CODE-150928","5D3PBKLY","2015-08-16 15:18:38",-43.85776240,-19.78196464
"BR-CODE-150928","5D3PBKLZ","2015-08-16 15:21:30",-43.85682959,-19.78254423
"BR-CODE-150928","5D3PBKM0","2015-08-16 15:19:12",-43.85964137,-19.77725652
"BR-CODE-150928","5D3PBKM1","2015-08-16 15:19:03",-43.85924282,-19.77858369
"BR-CODE-150928","5D3PBKM2","2015-08-16 15:18:58",-43.85882827,-19.77929782
"BR-CODE-150928","5D3PBKM4","2015-08-16 15:19:07",-43.85949809,-19.77809714
"BR-CODE-150928","5D3PBKM5","2015-08-16 15:19:03",-43.85921971,-19.77862327
"BR-CODE-150928","5D3PBKM6","2015-08-16 15:19:00",-43.85899090,-19.77902025
"BR-CODE-150928","5D3PBKM7","2015-08-16 15:19:03",-43.85919660,-19.77866298
"BR-CODE-150928","5D3PBKM9","2015-08-16 15:21:32",-43.85668759,-19.78254343
"BR-CODE-150928","5D3PBKMA","2015-08-16 15:18:58",-43.85885154,-19.77925819
"BR-CODE-150928","5D3PBKMC","2015-08-16 15:19:01",-43.85908258,-19.77886179
"BR-CODE-150928","5D3PBKMD","2015-08-16 15:18:43",-43.85783586,-19.78124898
"BR-CODE-150928","5D3PBKME","2015-08-16 15:19:04",-43.85931177,-19.77846461
"BR-CODE-150928","5D3PBKMF","2015-08-16 15:19:05",-43.85942220,-19.77826381
"BR-CODE-150928","5D3PBKMG","2015-08-16 15:18:59",-43.85887491,-19.77921863
"BR-CODE-150928","5D3PBKMH","2015-08-16 15:18:43",-43.85781722,-19.78133764
"BR-CODE-150928","5D3PBKMI","2015-08-16 15:21:20",-43.85753581,-19.78257107
"BR-CODE-150928","5D3PBKMJ","2015-08-16 15:19:13",-43.85961626,-19.77703274
"BR-CODE-150928","5D3PBKMK","2015-08-16 15:21:36",-43.85640275,-19.78253741
"BR-CODE-150928","5D3PBKML","2015-08-16 15:19:01",-43.85910525,-19.77882198
"BR-CODE-150928","5D3PBKMN","2015-08-16 15:19:01",-43.85905978,-19.77890148
"BR-CODE-150928","5D3PBKMO","2015-08-16 15:19:07",-43.85951487,-19.77805521
"BR-CODE-150928","5D3PBKMP","2015-08-16 15:18:53",-43.85840993,-19.78001114
"BR-CODE-150928","5D3PBKMQ","2015-08-16 15:19:14",-43.85959905,-19.77694431
"BR-CODE-150928","5D3PBKMR","2015-08-16 15:21:18",-43.85762871,-19.78257813
"BR-CODE-150928","5D3PBKMS","2015-08-16 15:18:37",-43.85776080,-19.78205462
"BR-CODE-150928","5D3PBKMU","2015-08-16 15:19:14",-43.85958865,-19.77690034
"BR-CODE-150928","5D3PBKMV","2015-08-16 15:18:51",-43.85829659,-19.78021116
"BR-CODE-150928","5D3PBKMW","2015-08-16 15:18:58",-43.85878161,-19.77937709
"BR-CODE-150928","5D3PBKMX","2015-08-16 15:21:28",-43.85697220,-19.78254491
"BR-CODE-150928","5D3PBKMY","2015-08-16 15:18:57",-43.85875831,-19.77941666
"BR-CODE-150928","5D3PBKMZ","2015-08-16 15:19:10",-43.85962463,-19.77761643
"BR-CODE-150928","5D3PBKN1","2015-08-16 15:21:16",-43.85771729,-19.78256310
"BR-CODE-150928","5D3PBKN2","2015-08-16 15:19:00",-43.85901391,-19.77898068
"BR-CODE-150928","5D3PBKN3","2015-08-16 15:19:15",-43.85956497,-19.77681333
"BR-CODE-150928","5D3PBKN4","2015-08-16 15:21:50",-43.85530819,-19.78250755
"BR-CODE-150928","5D3PBKN5","2015-08-16 15:18:29",-43.85775350,-19.78317750
"BR-CODE-150928","5D3PBKN6","2015-08-16 15:21:38",-43.85625958,-19.78253165
"BR-CODE-150928","5D3PBKN7","2015-08-16 15:21:21",-43.85748866,-19.78256649
"BR-CODE-150928","5D3PBKN8","2015-08-16 15:21:17",-43.85767433,-19.78257559
"BR-CODE-150928","5D3PBKN9","2015-08-16 15:21:26",-43.85711368,-19.78255328
"BR-CODE-150928","5D3PBKNA","2015-08-16 15:21:38",-43.85621200,-19.78252907
"BR-CODE-150928","5D3PBKNB","2015-08-16 15:19:07",-43.85953089,-19.77801257
"BR-CODE-150928","5D3PBKNC","2015-08-16 15:19:01",-43.85903689,-19.77894112
"BR-CODE-150928","5D3PBKND","2015-08-16 15:19:16",-43.85953709,-19.77672719
"BR-CODE-150928","5D3PBKNE","2015-08-16 15:21:58",-43.85459231,-19.78248564
"BR-CODE-150928","5D3PBKNF","2015-08-16 15:18:39",-43.85776611,-19.78182910
"BR-CODE-150928","5D3PBKNG","2015-08-16 15:18:33",-43.85775302,-19.78263893
"BR-CODE-150928","5D3PBKNH","2015-08-16 15:19:09",-43.85960327,-19.77775059
"BR-CODE-150928","5D3PBKNI","2015-08-16 15:19:00",-43.85896763,-19.77905991
"BR-CODE-150928","5D3PBKNJ","2015-08-16 15:21:31",-43.85678209,-19.78254446
"BR-CODE-150928","5D3PBKNK","2015-08-16 15:21:37",-43.85630752,-19.78253361
"BR-CODE-150928","5D3PBKNL","2015-08-16 15:21:22",-43.85744153,-19.78256267
"BR-CODE-150928","5D3PBKNM","2015-08-16 15:19:04",-43.85933462,-19.77842492
"BR-CODE-150928","5D3PBKNN","2015-08-16 15:22:02",-43.85421192,-19.78247889
"BR-CODE-150928","5D3PBKNO","2015-08-16 15:19:05",-43.85935737,-19.77838512
"BR-CODE-150928","5D3PBKNQ","2015-08-16 15:21:29",-43.85692445,-19.78254395
"BR-CODE-150928","5D3PBKNR","2015-08-16 15:22:03",-43.85407028,-19.78247452
"BR-CODE-150928","5D3PBKNS","2015-08-16 15:21:50",-43.85526055,-19.78250626
"BR-CODE-150928","5D3PBKNU","2015-08-16 15:22:08",-43.85369510,-19.78244689
"BR-CODE-150928","5D3PBKNV","2015-08-16 15:21:25",-43.85716060,-19.78255461
"BR-CODE-150928","5D3PBKNW","2015-08-16 15:21:27",-43.85706662,-19.78255103
"BR-CODE-150928","5D3PBKNX","2015-08-16 15:18:55",-43.85854835,-19.77977271
"BR-CODE-150928","5D3PBKNY","2015-08-16 15:18:44",-43.85786690,-19.78111684
"BR-CODE-150928","5D3PBKNZ","2015-08-16 15:21:24",-43.85725363,-19.78255687
"BR-CODE-150928","5D3PBKO0","2015-08-16 15:21:53",-43.85502181,-19.78250127
"BR-CODE-150928","5D3PBKO1","2015-08-16 15:21:24",-43.85730045,-19.78255764
"BR-CODE-150928","5D3PBKO2","2015-08-16 15:21:29",-43.85687677,-19.78254380
"BR-CODE-150928","5D3PBKO3","2015-08-16 15:19:08",-43.85959386,-19.77779478
"BR-CODE-150928","5D3PBKO4","2015-08-16 15:22:11",-43.85343724,-19.78234069
"BR-CODE-150928","5D3PBKO5","2015-08-16 15:19:02",-43.85915079,-19.77874241
"BR-CODE-150928","5D3PBKO6","2015-08-16 15:21:39",-43.85616448,-19.78252699
"BR-CODE-150928","5D3PBKO7","2015-08-16 15:21:44",-43.85578381,-19.78251604
"BR-CODE-150928","5D3PBKO8","2015-08-16 15:19:14",-43.85960802,-19.77698852
"BR-CODE-150928","5D3PBKO9","2015-08-16 15:21:48",-43.85545128,-19.78251193
"BR-CODE-150928","5D3PBKOA","2015-08-16 15:19:08",-43.85958355,-19.77783878
"BR-CODE-150928","5D3PBKOB","2015-08-16 15:22:00",-43.85435408,-19.78248076
"BR-CODE-150928","5D3PBKOC","2015-08-16 15:19:02",-43.85917363,-19.77870266
"BR-CODE-150928","5D3PBKOE","2015-08-16 15:21:56",-43.85478328,-19.78249303
"BR-CODE-150928","5D3PBKOF","2015-08-16 15:21:45",-43.85568858,-19.78251524
"BR-CODE-150928","5D3PBKOG","2015-08-16 15:19:06",-43.85948028,-19.77813956
"BR-CODE-150928","5D3PBKOH","2015-08-16 15:21:36",-43.85635517,-19.78253555
"BR-CODE-150928","5D3PBKOI","2015-08-16 15:19:13",-43.85963491,-19.77716668
"BR-CODE-150928","5D3PBKOJ","2015-08-16 15:21:48",-43.85540387,-19.78251039
"BR-CODE-150928","5D3PBKOK","2015-08-16 15:21:57",-43.85468772,-19.78248935
"BR-CODE-150928","5D3PBKOL","2015-08-16 15:21:45",-43.85564068,-19.78251550
"BR-CODE-150928","5D3PBKOM","2015-08-16 15:21:35",-43.85645016,-19.78253893
"BR-CODE-150928","5D3PBKON","2015-08-16 15:21:41",-43.85597385,-19.78252078
"BR-CODE-150928","5D3PBKOO","2015-08-16 15:19:10",-43.85963750,-19.77748163
"BR-CODE-150928","5D3PBKOP","2015-08-16 15:21:51",-43.85521274,-19.78250481
"BR-CODE-150928","5D3PBKOQ","2015-08-16 15:18:49",-43.85813812,-19.78049170
"BR-CODE-150928","5D3PBKOR","2015-08-16 15:21:39",-43.85611649,-19.78252538
"BR-CODE-150928","5D3PBKOS","2015-08-16 15:22:01",-43.85425910,-19.78248000
"BR-CODE-150928","5D3PBKOT","2015-08-16 15:22:22",-43.85259504,-19.78214633
"BR-CODE-150928","5D3PBKOU","2015-08-16 15:19:09",-43.85961164,-19.77770617
"BR-CODE-150928","5D3PBKOV","2015-08-16 15:18:32",-43.85775144,-19.78281835
"BR-CODE-150928","5D3PBKOW","2015-08-16 15:21:44",-43.85573626,-19.78251607
"BR-CODE-150928","5D3PBKOX","2015-08-16 15:22:10",-43.85356233,-19.78240439
"BR-CODE-150928","5D3PBKOY","2015-08-16 15:21:34",-43.85654504,-19.78254183
"BR-CODE-150928","5D3PBKOZ","2015-08-16 15:21:52",-43.85506966,-19.78250281
"BR-CODE-150928","5D3PBKP0","2015-08-16 15:18:46",-43.85795207,-19.78085875
"BR-CODE-150928","5D3PBKP1","2015-08-16 15:22:31",-43.85217034,-19.78275815
"BR-CODE-150928","5D3PBKP2","2015-08-16 15:21:33",-43.85659271,-19.78254195
"BR-CODE-150928","5D3PBKP3","2015-08-16 15:18:55",-43.85861792,-19.77965359
"BR-CODE-150928","5D3PBKP4","2015-08-16 15:22:15",-43.85314984,-19.78218055
"BR-CODE-150928","5D3PBKP5","2015-08-16 15:19:10",-43.85962986,-19.77757159
"BR-CODE-150928","5D3PBKP6","2015-08-16 15:18:29",-43.85775436,-19.78326733
"BR-CODE-150928","5D3PBKP7","2015-08-16 15:21:22",-43.85739441,-19.78256014
"BR-CODE-150928","5D3PBKP8","2015-08-16 15:22:01",-43.85430670,-19.78248059
"BR-CODE-150928","5D3PBKP9","2015-08-16 15:22:07",-43.85374113,-19.78245524
"BR-CODE-150928","5D3PBKPB","2015-08-16 15:22:35",-43.85209349,-19.78305336
"BR-CODE-150928","5D3PBKPC","2015-08-16 15:22:09",-43.85364956,-19.78243612
"BR-CODE-150928","5D3PBKPD","2015-08-16 15:22:37",-43.85199156,-19.78314085
"BR-CODE-150928","5D3PBKPE","2015-08-16 15:21:54",-43.85497438,-19.78249954
"BR-CODE-150928","5D3PBKPF","2015-08-16 15:21:59",-43.85444897,-19.78248185
"BR-CODE-150928","5D3PBKPG","2015-08-16 15:22:12",-43.85335559,-19.78229486
"BR-CODE-150928","5D3PBKPH","2015-08-16 15:22:41",-43.85170380,-19.78328457
"BR-CODE-150928","5D3PBKPI","2015-08-16 15:22:02",-43.85416465,-19.78247699
"BR-CODE-150928","5D3PBKPJ","2015-08-16 15:22:17",-43.85296954,-19.78211976
"BR-CODE-150928","5D3PBKPK","2015-08-16 15:22:15",-43.85319264,-19.78220097
"BR-CODE-150928","5D3PBKPL","2015-08-16 15:21:40",-43.85606905,-19.78252403
"BR-CODE-150928","5D3PBKPM","2015-08-16 15:22:20",-43.85273240,-19.78210787
"BR-CODE-150928","5D3PBKPN","2015-08-16 15:21:19",-43.85758229,-19.78257580
"BR-CODE-150928","5D3PBKPO","2015-08-16 15:22:26",-43.85230631,-19.78237398
"BR-CODE-150928","5D3PBKPP","2015-08-16 15:19:11",-43.85964219,-19.77739178
"BR-CODE-150928","5D3PBKPQ","2015-08-16 15:22:03",-43.85411752,-19.78247554
"BR-CODE-150928","5D3PBKPR","2015-08-16 15:22:17",-43.85301569,-19.78213183
"BR-CODE-150928","5D3PBKPS","2015-08-16 15:22:44",-43.85153712,-19.78336813
"BR-CODE-150928","5D3PBKPT","2015-08-16 15:19:08",-43.85957217,-19.77788274
"BR-CODE-150928","5D3PBKPU","2015-08-16 15:21:59",-43.85449693,-19.78248287
"BR-CODE-150928","5D3PBKPV","2015-08-16 15:22:32",-43.85216605,-19.78280309
"BR-CODE-150928","5D3PBKPW","2015-08-16 15:22:16",-43.85310578,-19.78216235
"BR-CODE-150928","5D3PBKPX","2015-08-16 15:21:52",-43.85511710,-19.78250326
"BR-CODE-150928","5D3PBKPY","2015-08-16 15:22:18",-43.85287570,-19.78210543
"BR-CODE-150928","5D3PBKPZ","2015-08-16 15:22:21",-43.85263935,-19.78212900
"BR-CODE-150928","5D3PBKQ0","2015-08-16 15:18:33",-43.85775260,-19.78268391
"BR-CODE-150928","5D3PBKQ1","2015-08-16 15:21:54",-43.85492650,-19.78249777
"BR-CODE-150928","5D3PBKQ2","2015-08-16 15:18:42",-43.85780803,-19.78138186
"BR-CODE-150928","5D3PBKQ3","2015-08-16 15:22:07",-43.85378753,-19.78246036
"BR-CODE-150928","5D3PBKQ4","2015-08-16 15:21:43",-43.85583138,-19.78251753
"BR-CODE-150928","5D3PBKQ5","2015-08-16 15:21:56",-43.85473550,-19.78249113
"BR-CODE-150928","5D3PBKQ6","2015-08-16 15:22:41",-43.85174630,-19.78326605
"BR-CODE-150928","5D3PBKQ7","2015-08-16 15:22:25",-43.85236445,-19.78230189
"BR-CODE-150928","5D3PBKQ8","2015-08-16 15:22:00",-43.85440150,-19.78248116
"BR-CODE-150928","5D3PBKQ9","2015-08-16 15:22:25",-43.85239772,-19.78226949
"BR-CODE-150928","5D3PBKQA","2015-08-16 15:22:29",-43.85220557,-19.78257990
"BR-CODE-150928","5D3PBKQB","2015-08-16 15:22:13",-43.85327476,-19.78224749
"BR-CODE-150928","5D3PBKQC","2015-08-16 15:18:45",-43.85789178,-19.78103003
"BR-CODE-150928","5D3PBKQD","2015-08-16 15:22:14",-43.85323417,-19.78222372
"BR-CODE-150928","5D3PBKQE","2015-08-16 15:22:58",-43.85062840,-19.78359193
"BR-CODE-150928","5D3PBKQF","2015-08-16 15:18:43",-43.85782658,-19.78129331
"BR-CODE-150928","5D3PBKQG","2015-08-16 15:22:40",-43.85183010,-19.78322764
"BR-CODE-150928","5D3PBKQH","2015-08-16 15:22:30",-43.85218716,-19.78266897
"BR-CODE-150928","5D3PBKQI","2015-08-16 15:22:23",-43.85247102,-19.78221214
"BR-CODE-150928","5D3PBKQK","2015-08-16 15:22:05",-43.85392892,-19.78246890
"BR-CODE-150928","5D3PBKQL","2015-08-16 15:22:37",-43.85202835,-19.78311447
"BR-CODE-150928","5D3PBKQM","2015-08-16 15:23:15",-43.84996805,-19.78412047
"BR-CODE-150928","5D3PBKQN","2015-08-16 15:19:09",-43.85961876,-19.77766147
"BR-CODE-150928","5D3PBKQO","2015-08-16 15:18:47",-43.85800797,-19.78073422
"BR-CODE-150928","5D3PBKQP","2015-08-16 15:22:04",-43.85402300,-19.78247298
"BR-CODE-150928","5D3PBKQQ","2015-08-16 15:22:42",-43.85166161,-19.78330428
"BR-CODE-150928","5D3PBKQR","2015-08-16 15:22:22",-43.85255228,-19.78216608
"BR-CODE-150928","5D3PBKQS","2015-08-16 15:19:13",-43.85962354,-19.77707724
"BR-CODE-150928","5D3PBKQT","2015-08-16 15:22:47",-43.85133252,-19.78347814
"BR-CODE-150928","5D3PBKQU","2015-08-16 15:19:12",-43.85964288,-19.77730160
"BR-CODE-150928","5D3PBKQV","2015-08-16 15:18:46",-43.85793575,-19.78090111
"BR-CODE-150928","5D3PBKQW","2015-08-16 15:22:27",-43.85228120,-19.78241261
"BR-CODE-150928","5D3PBKQX","2015-08-16 15:22:36",-43.85206283,-19.78308586
"BR-CODE-150928","5D3PBKQY","2015-08-16 15:22:28",-43.85222007,-19.78253626
"BR-CODE-150928","5D3PBKQZ","2015-08-16 15:22:32",-43.85216291,-19.78284807
"BR-CODE-150928","5D3PBKR0","2015-08-16 15:21:33",-43.85664022,-19.78254253
"BR-CODE-150928","5D3PBKR1","2015-08-16 15:21:58",-43.85454441,-19.78248426
"BR-CODE-150928","5D3PBKR2","2015-08-16 15:23:19",-43.84981890,-19.78423479
"BR-CODE-150928","5D3PBKR3","2015-08-16 15:21:57",-43.85463980,-19.78248771
"BR-CODE-150928","5D3PBKR4","2015-08-16 15:21:55",-43.85483101,-19.78249414
"BR-CODE-150928","5D3PBKR5","2015-08-16 15:22:27",-43.85225822,-19.78245254
"BR-CODE-150928","5D3PBKR7","2015-08-16 15:22:54",-43.85081051,-19.78364821
"BR-CODE-150928","5D3PBKR8","2015-08-16 15:23:29",-43.84936549,-19.78423091
"BR-CODE-150928","5D3PBKR9","2015-08-16 15:22:33",-43.85215829,-19.78289235
"BR-CODE-150928","5D3PBKRA","2015-08-16 15:23:20",-43.84974732,-19.78429531
"BR-CODE-150928","5D3PBKRB","2015-08-16 15:22:46",-43.85137357,-19.78345635
"BR-CODE-150928","5D3PBKRC","2015-08-16 15:19:11",-43.85964308,-19.77734673
"BR-CODE-150928","5D3PBKRD","2015-08-16 15:22:13",-43.85331502,-19.78227146
"BR-CODE-150928","5D3PBKRE","2015-08-16 15:22:45",-43.85141432,-19.78343425
"BR-CODE-150928","5D3PBKRF","2015-08-16 15:22:06",-43.85383475,-19.78246350
"BR-CODE-150928","5D3PBKRG","2015-08-16 15:22:11",-43.85347862,-19.78236303
"BR-CODE-150928","5D3PBKRH","2015-08-16 15:22:10",-43.85352025,-19.78238423
"BR-CODE-150928","5D3PBKRI","2015-08-16 15:22:24",-43.85243315,-19.78223946
"BR-CODE-150928","5D3PBKRJ","2015-08-16 15:22:38",-43.85191245,-19.78318666
"BR-CODE-150928","5D3PBKRK","2015-08-16 15:22:49",-43.85116588,-19.78356315
"BR-CODE-150928","5D3PBKRL","2015-08-16 15:18:49",-43.85816076,-19.78045170
"BR-CODE-150928","5D3PBKRM","2015-08-16 15:22:53",-43.85085675,-19.78365313
"BR-CODE-150928","5D3PBKRN","2015-08-16 15:23:39",-43.84887215,-19.78450244
"BR-CODE-150928","5D3PBKRO","2015-08-16 15:23:16",-43.84993050,-19.78414837
"BR-CODE-150928","5D3PBKRP","2015-08-16 15:22:05",-43.85397586,-19.78247052
"BR-CODE-150928","5D3PBKRQ","2015-08-16 15:23:09",-43.85022379,-19.78391672
"BR-CODE-150928","5D3PBKRR","2015-08-16 15:18:51",-43.85827415,-19.78025134
"BR-CODE-150928","5D3PBKRS","2015-08-16 15:22:42",-43.85161992,-19.78332476
"BR-CODE-150928","5D3PBKRT","2015-08-16 15:23:04",-43.85043983,-19.78373427
"BR-CODE-150928","5D3PBKRU","2015-08-16 15:23:02",-43.85051120,-19.78367403
"BR-CODE-150928","5D3PBKRV","2015-08-16 15:22:50",-43.85108187,-19.78360418
"BR-CODE-150928","5D3PBKRW","2015-08-16 15:22:18",-43.85292325,-19.78211115
"BR-CODE-150928","5D3PBKRX","2015-08-16 15:22:44",-43.85149614,-19.78339012
"BR-CODE-150928","5D3PBKRY","2015-08-16 15:23:08",-43.85029488,-19.78385515
"BR-CODE-150928","5D3PBKS0","2015-08-16 15:22:26",-43.85233394,-19.78233694
"BR-CODE-150928","5D3PBKS1","2015-08-16 15:23:21",-43.84970868,-19.78431916
"BR-CODE-150928","5D3PBKS2","2015-08-16 15:22:28",-43.85223772,-19.78249373
"BR-CODE-150928","5D3PBKS3","2015-08-16 15:18:59",-43.85889820,-19.77917900
"BR-CODE-150928","5D3PBKS4","2015-08-16 15:18:40",-43.85776865,-19.78173899
"BR-CODE-150928","5D3PBKS5","2015-08-16 15:23:10",-43.85018795,-19.78394702
"BR-CODE-150928","5D3PBKS6","2015-08-16 15:24:24",-43.84821033,-19.78480341
"BR-CODE-150928","5D3PBKS7","2015-08-16 15:23:38",-43.84895345,-19.78445582
"BR-CODE-150928","5D3PBKS8","2015-08-16 15:22:35",-43.85211927,-19.78301755
"BR-CODE-150928","5D3PBKS9","2015-08-16 15:23:17",-43.84989272,-19.78417639
"BR-CODE-150928","5D3PBKSA","2015-08-16 15:21:31",-43.85673485,-19.78254395
"BR-CODE-150928","5D3PBKSB","2015-08-16 15:22:23",-43.85251087,-19.78218800
"BR-CODE-150928","5D3PBKSD","2015-08-16 15:23:09",-43.85025919,-19.78388590
"BR-CODE-150928","5D3PBKSF","2015-08-16 15:21:42",-43.85592636,-19.78251963
"BR-CODE-150928","5D3PBKSG","2015-08-16 15:24:31",-43.84794298,-19.78443520
"BR-CODE-150928","5D3PBKSH","2015-08-16 15:23:22",-43.84966522,-19.78433084
"BR-CODE-150928","5D3PBKSI","2015-08-16 15:22:51",-43.85099437,-19.78363575
"BR-CODE-150928","5D3PBKSJ","2015-08-16 15:22:51",-43.85103866,-19.78362154
"BR-CODE-150928","5D3PBKSK","2015-08-16 15:23:25",-43.84954563,-19.78427552
"BR-CODE-150928","5D3PBKSL","2015-08-16 15:22:43",-43.85157807,-19.78334606
"BR-CODE-150928","5D3PBKSM","2015-08-16 15:23:43",-43.84862564,-19.78464130
"BR-CODE-150928","5D3PBKSN","2015-08-16 15:24:39",-43.84767226,-19.78406940
"BR-CODE-150928","5D3PBKSO","2015-08-16 15:21:35",-43.85649776,-19.78254072
"BR-CODE-150928","5D3PBKSQ","2015-08-16 15:23:33",-43.84915883,-19.78433980
"BR-CODE-150928","5D3PBKSR","2015-08-16 15:22:52",-43.85094879,-19.78364581
"BR-CODE-150928","5D3PBKSS","2015-08-16 15:24:45",-43.84752400,-19.78380587
"BR-CODE-150928","5D3PBKST","2015-08-16 15:23:01",-43.85054548,-19.78364213
"BR-CODE-150928","5D3PBKSU","2015-08-16 15:22:40",-43.85178828,-19.78324683
"BR-CODE-150928","5D3PBKSV","2015-08-16 15:23:14",-43.85000557,-19.78409194
"BR-CODE-150928","5D3PBKSW","2015-08-16 15:23:28",-43.84941359,-19.78421653
"BR-CODE-150928","5D3PBKSX","2015-08-16 15:23:44",-43.84858441,-19.78466460
"BR-CODE-150928","5D3PBKSY","2015-08-16 15:23:48",-43.84838291,-19.78478284
"BR-CODE-150928","5D3PBKSZ","2015-08-16 15:23:47",-43.84842234,-19.78475821
"BR-CODE-150928","5D3PBKT0","2015-08-16 15:24:42",-43.84756799,-19.78392026
"BR-CODE-150928","5D3PBKT1","2015-08-16 15:23:40",-43.84878991,-19.78454865
"BR-CODE-150928","5D3PBKT2","2015-08-16 15:23:11",-43.85015286,-19.78397748
"BR-CODE-150928","5D3PBKT3","2015-08-16 15:22:50",-43.85112360,-19.78358421
"BR-CODE-150928","5D3PBKT4","2015-08-16 15:19:15",-43.85957746,-19.77685665
"BR-CODE-150928","5D3PBKT5","2015-08-16 15:23:35",-43.84907274,-19.78438092
"BR-CODE-150928","5D3PBKT6","2015-08-16 15:24:26",-43.84815411,-19.78473370
"BR-CODE-150928","5D3PBKT8","2015-08-16 15:22:16",-43.85306100,-19.78214594
"BR-CODE-150928","5D3PBKT9","2015-08-16 15:23:32",-43.84924508,-19.78430310
"BR-CODE-150928","5D3PBKTA","2015-08-16 15:23:38",-43.84891326,-19.78447975
"BR-CODE-150928","5D3PBKTD","2015-08-16 15:23:26",-43.84950735,-19.78424713
"BR-CODE-150928","5D3PBKTE","2015-08-16 15:23:31",-43.84928562,-19.78428079
"BR-CODE-150928","5D3PBKTF","2015-08-16 15:22:48",-43.85120798,-19.78354228
"BR-CODE-150928","5D3PBKTG","2015-08-16 15:23:27",-43.84946408,-19.78422366
"BR-CODE-150928","5D3PBKTH","2015-08-16 15:22:30",-43.85217761,-19.78271273
"BR-CODE-150928","5D3PBKTI","2015-08-16 15:19:15",-43.85955139,-19.77677006
"BR-CODE-150928","5D3PBKTJ","2015-08-16 15:24:54",-43.84789893,-19.78354274
"BR-CODE-150928","5D3PBKTK","2015-08-16 15:24:26",-43.84812869,-19.78469643
"BR-CODE-150928","5D3PBKTM","2015-08-16 15:23:54",-43.84829939,-19.78492662
"BR-CODE-150928","5D3PBKTN","2015-08-16 15:22:12",-43.85339643,-19.78231793
"BR-CODE-150928","5D3PBKTP","2015-08-16 15:23:00",-43.85058176,-19.78361121
"BR-CODE-150928","5D3PBKTQ","2015-08-16 15:24:43",-43.84754053,-19.78388350
"BR-CODE-150928","5D3PBKTS","2015-08-16 15:23:41",-43.84874860,-19.78457098
"BR-CODE-150928","5D3PBKTV","2015-08-16 15:24:27",-43.84810235,-19.78465938
"BR-CODE-150928","5D3PBKTW","2015-08-16 15:19:13",-43.85962982,-19.77712198
"BR-CODE-150928","5D3PBKU0","2015-08-16 15:24:28",-43.84807661,-19.78462255
"BR-CODE-150928","5D3PBKU1","2015-08-16 15:22:56",-43.85072223,-19.78362104
"BR-CODE-150928","5D3PBKU2","2015-08-16 15:22:45",-43.85145526,-19.78341209
"BR-CODE-150928","5D3PBKU3","2015-08-16 15:24:36",-43.84778244,-19.78421338
"BR-CODE-150928","5D3PBKU4","2015-08-16 15:24:37",-43.84775550,-19.78417708
"BR-CODE-150928","5D3PBKU6","2015-08-16 15:22:57",-43.85067894,-19.78360138
"BR-CODE-150928","5D3PBKU8","2015-08-16 15:25:14",-43.84888763,-19.78301544
"BR-CODE-150928","5D3PBKU9","2015-08-16 15:24:29",-43.84805074,-19.78458431
"BR-CODE-150928","5D3PBKUA","2015-08-16 15:23:19",-43.84978329,-19.78426554
"BR-CODE-150928","5D3PBKUB","2015-08-16 15:24:22",-43.84824549,-19.78482882
"BR-CODE-150928","5D3PBKUC","2015-08-16 15:24:51",-43.84774620,-19.78364878
"BR-CODE-150928","5D3PBKUD","2015-08-16 15:23:40",-43.84883100,-19.78452542
"BR-CODE-150928","5D3PBKUE","2015-08-16 15:18:56",-43.85866425,-19.77957460
"BR-CODE-150928","5D3PBKUF","2015-08-16 15:23:51",-43.84830613,-19.78483550
"BR-CODE-150928","5D3PBKUG","2015-08-16 15:25:20",-43.84924256,-19.78287492
"BR-CODE-150928","5D3PBKUH","2015-08-16 15:22:48",-43.85124988,-19.78352135
"BR-CODE-150928","5D3PBKUI","2015-08-16 15:24:41",-43.84759322,-19.78395799
"BR-CODE-150928","5D3PBKUJ","2015-08-16 15:25:00",-43.84817360,-19.78336921
"BR-CODE-150928","5D3PBKUK","2015-08-16 15:22:20",-43.85278056,-19.78210336
"BR-CODE-150928","5D3PBKUL","2015-08-16 15:23:23",-43.84962221,-19.78432574
"BR-CODE-150928","5D3PBKUM","2015-08-16 15:21:25",-43.85720718,-19.78255616
"BR-CODE-150928","5D3PBKUN","2015-08-16 15:23:12",-43.85011759,-19.78400794
"BR-CODE-150928","5D3PBKUO","2015-08-16 15:23:18",-43.84985484,-19.78420464
"BR-CODE-150928","5D3PBKUP","2015-08-16 15:25:28",-43.84968704,-19.78272702
"BR-CODE-150928","5D3PBKUQ","2015-08-16 15:24:47",-43.84755125,-19.78377463
"BR-CODE-150928","5D3PBKUR","2015-08-16 15:21:42",-43.85587884,-19.78251872
"BR-CODE-150928","5D3PBKUS","2015-08-16 15:24:31",-43.84797043,-19.78447184
"BR-CODE-150928","5D3PBKUU","2015-08-16 15:23:14",-43.85004257,-19.78406390
"BR-CODE-150928","5D3PBKUV","2015-08-16 15:25:36",-43.84994755,-19.78261901
"BR-CODE-150928","5D3PBKUW","2015-08-16 15:22:29",-43.85219430,-19.78262423
"BR-CODE-150928","5D3PBKUX","2015-08-16 15:23:07",-43.85033119,-19.78382524
"BR-CODE-150928","5D3PBKUY","2015-08-16 15:19:02",-43.85912791,-19.77878217
"BR-CODE-150928","5D3PBKUZ","2015-08-16 15:24:53",-43.84782259,-19.78359602
"BR-CODE-150928","5D3PBKV0","2015-08-16 15:21:41",-43.85602154,-19.78252252
"BR-CODE-150928","5D3PBKV1","2015-08-16 15:24:48",-43.84758914,-19.78374950
"BR-CODE-150928","5D3PBKV2","2015-08-16 15:24:57",-43.84801430,-19.78346374
"BR-CODE-150928","5D3PBKV4","2015-08-16 15:25:32",-43.84977252,-19.78269352
"BR-CODE-150928","5D3PBKV5","2015-08-16 15:25:07",-43.84849904,-19.78318900
"BR-CODE-150928","5D3PBKV6","2015-08-16 15:22:19",-43.85282817,-19.78210282
"BR-CODE-150928","5D3PBKV7","2015-08-16 15:22:34",-43.85213756,-19.78297825
"BR-CODE-150928","5D3PBKV8","2015-08-16 15:23:36",-43.84903267,-19.78440638
"BR-CODE-150928","5D3PBKV9","2015-08-16 15:23:46",-43.84846210,-19.78473438
"BR-CODE-150928","5D3PBKVB","2015-08-16 15:24:56",-43.84797586,-19.78348985
"BR-CODE-150928","5D3PBKVC","2015-08-16 15:23:37",-43.84899326,-19.78443121
"BR-CODE-150928","5D3PBKVD","2015-08-16 15:25:17",-43.84906288,-19.78293948
"BR-CODE-150928","5D3PBKVE","2015-08-16 15:23:49",-43.84834303,-19.78480677
"BR-CODE-150928","5D3PBKVF","2015-08-16 15:25:03",-43.84829106,-19.78329486
"BR-CODE-150928","5D3PBKVG","2015-08-16 15:24:52",-43.84778450,-19.78362244
"BR-CODE-150928","5D3PBKVH","2015-08-16 15:24:37",-43.84772828,-19.78414123
"BR-CODE-150928","5D3PBKVI","2015-08-16 15:21:47",-43.85554599,-19.78251427
"BR-CODE-150928","5D3PBKVK","2015-08-16 15:21:46",-43.85559397,-19.78251461
"BR-CODE-150928","5D3PBKVL","2015-08-16 15:24:59",-43.84809244,-19.78341527
"BR-CODE-150928","5D3PBKVM","2015-08-16 15:25:22",-43.84937378,-19.78282471
"BR-CODE-150928","5D3PBKVN","2015-08-16 15:25:09",-43.84862798,-19.78313007
"BR-CODE-150928","5D3PBKVO","2015-08-16 15:25:13",-43.84884398,-19.78303441
"BR-CODE-150928","5D3PBKVP","2015-08-16 15:25:18",-43.84910775,-19.78292339
"BR-CODE-150928","5D3PBKVQ","2015-08-16 15:26:29",-43.84995317,-19.78282806
"BR-CODE-150928","5D3PBKVR","2015-08-16 15:25:02",-43.84825340,-19.78332063
"BR-CODE-150928","5D3PBKVS","2015-08-16 15:25:04",-43.84833133,-19.78327177
"BR-CODE-150928","5D3PBKVT","2015-08-16 15:23:42",-43.84866682,-19.78461804
"BR-CODE-150928","5D3PBKVU","2015-08-16 15:25:06",-43.84845648,-19.78320898
"BR-CODE-150928","5D3PBKVV","2015-08-16 15:24:58",-43.84805310,-19.78343887
"BR-CODE-150928","5D3PBKVX","2015-08-16 15:24:34",-43.84783604,-19.78428671
"BR-CODE-150928","5D3PBKVZ","2015-08-16 15:24:50",-43.84770781,-19.78367465
"BR-CODE-150928","5D3PBKW0","2015-08-16 15:25:11",-43.84871386,-19.78309117
"BR-CODE-150928","5D3PBKW1","2015-08-16 15:19:11",-43.85964022,-19.77743671
"BR-CODE-150928","5D3PBKW2","2015-08-16 15:25:12",-43.84880036,-19.78305321
"BR-CODE-150928","5D3PBKW3","2015-08-16 15:25:26",-43.84959759,-19.78275704
"BR-CODE-150928","5D3PBKW5","2015-08-16 15:25:44",-43.85028850,-19.78246738
"BR-CODE-150928","5D3PBKW6","2015-08-16 15:21:49",-43.85535584,-19.78250897
"BR-CODE-150928","5D3PBKW7","2015-08-16 15:23:46",-43.84850242,-19.78471080
"BR-CODE-150928","5D3PBKW8","2015-08-16 15:24:39",-43.84764506,-19.78403291
"BR-CODE-150928","5D3PBKW9","2015-08-16 15:25:24",-43.84950735,-19.78278611
"BR-CODE-150928","5D3PBKWA","2015-08-16 15:27:33",-43.85036868,-19.78319635
"BR-CODE-150928","5D3PBKWB","2015-08-16 15:25:08",-43.84854206,-19.78316890
"BR-CODE-150928","5D3PBKWC","2015-08-16 15:24:30",-43.84799788,-19.78450874
"BR-CODE-150928","5D3PBKWD","2015-08-16 15:23:56",-43.84832141,-19.78496790
"BR-CODE-150928","5D3PBKWE","2015-08-16 15:25:18",-43.84915313,-19.78290748
"BR-CODE-150928","5D3PBKWI","2015-08-16 15:27:42",-43.85059665,-19.78347971
"BR-CODE-150928","5D3PBKWJ","2015-08-16 15:24:35",-43.84780991,-19.78424957
"BR-CODE-150928","5D3PBKWK","2015-08-16 15:24:29",-43.84802525,-19.78454621
"BR-CODE-150928","5D3PBKWL","2015-08-16 15:23:05",-43.85040292,-19.78376347
"BR-CODE-150928","5D3PBKWM","2015-08-16 15:25:35",-43.84990335,-19.78263831
"BR-CODE-150928","5D3PBKWN","2015-08-16 15:25:38",-43.85007712,-19.78255817
"BR-CODE-150928","5D3PBKWO","2015-08-16 15:30:12",-43.84982853,-19.78338773
"BR-CODE-150928","5D3PBKWP","2015-08-16 15:21:55",-43.85487892,-19.78249549
"BR-CODE-150928","5D3PBKWQ","2015-08-16 15:25:37",-43.85003479,-19.78257895
"BR-CODE-150928","5D3PBKWS","2015-08-16 15:25:29",-43.84973042,-19.78271060
"BR-CODE-150928","5D3PBKWT","2015-08-16 15:30:16",-43.84955675,-19.78346931
"BR-CODE-150928","5D3PBKWU","2015-08-16 15:26:40",-43.85047829,-19.78311594
"BR-CODE-150928","5D3PBKWW","2015-08-16 15:25:34",-43.84985995,-19.78265721
"BR-CODE-150928","5D3PBKWX","2015-08-16 15:22:09",-43.85360545,-19.78242150
"BR-CODE-150928","5D3PBKWY","2015-08-16 15:26:31",-43.85004700,-19.78292866
"BR-CODE-150928","5D3PBKWZ","2015-08-16 15:23:03",-43.85047603,-19.78370462
"BR-CODE-150928","5D3PBKX0","2015-08-16 15:24:54",-43.84786073,-19.78356932
"BR-CODE-150928","5D3PBKX1","2015-08-16 15:26:28",-43.84992183,-19.78279427
"BR-CODE-150928","5D3PBKX2","2015-08-16 15:25:33",-43.84981690,-19.78267529
"BR-CODE-150928","5D3PBKX3","2015-08-16 15:22:55",-43.85076573,-19.78363725
"BR-CODE-150928","5D3PBKX4","2015-08-16 15:30:18",-43.84946536,-19.78349521
"BR-CODE-150928","5D3PBKX5","2015-08-16 15:23:33",-43.84920269,-19.78432229
"BR-CODE-150928","5D3PBKX6","2015-08-16 15:23:45",-43.84854398,-19.78468740
"BR-CODE-150928","5D3PBKX7","2015-08-16 15:26:31",-43.85007955,-19.78296158
"BR-CODE-150928","5D3PBKX8","2015-08-16 15:25:41",-43.85020458,-19.78250341
"BR-CODE-150928","5D3PBKX9","2015-08-16 15:24:49",-43.84762891,-19.78372508
"BR-CODE-150928","5D3PBKXA","2015-08-16 15:24:55",-43.84793743,-19.78351625
"BR-CODE-150928","5D3PBKXB","2015-08-16 15:26:33",-43.85018072,-19.78305636
"BR-CODE-150928","5D3PBKXC","2015-08-16 15:25:16",-43.84901852,-19.78295713
"BR-CODE-150928","5D3PBKXD","2015-08-16 15:30:26",-43.84893987,-19.78371136
"BR-CODE-150928","5D3PBKXE","2015-08-16 15:25:01",-43.84821372,-19.78334564
"BR-CODE-150928","5D3PBKXF","2015-08-16 15:26:37",-43.85033890,-19.78315491
"BR-CODE-150928","5D3PBKXG","2015-08-16 15:26:42",-43.85061151,-19.78306470
"BR-CODE-150928","5D3PBKXH","2015-08-16 15:25:15",-43.84893121,-19.78299551
"BR-CODE-150928","5D3PBKXI","2015-08-16 15:25:08",-43.84858494,-19.78314937
"BR-CODE-150928","5D3PBKXJ","2015-08-16 15:25:37",-43.84999157,-19.78259945
"BR-CODE-150928","5D3PBKXK","2015-08-16 15:30:16",-43.84960207,-19.78345631
"BR-CODE-150928","5D3PBKXL","2015-08-16 15:27:35",-43.85037967,-19.78324395
"BR-CODE-150928","5D3PBKXM","2015-08-16 15:30:06",-43.85017541,-19.78324507
"BR-CODE-150928","5D3PBKXN","2015-08-16 15:21:47",-43.85549887,-19.78251342
"BR-CODE-150928","5D3PBKXO","2015-08-16 15:22:33",-43.85215033,-19.78293575
"BR-CODE-150928","5D3PBKXP","2015-08-16 15:30:10",-43.84996120,-19.78333938
"BR-CODE-150928","5D3PBKXQ","2015-08-16 15:26:41",-43.85052270,-19.78309898
"BR-CODE-150928","5D3PBKXR","2015-08-16 15:30:03",-43.85031362,-19.78322399
"BR-CODE-150928","5D3PBKXS","2015-08-16 15:25:04",-43.84837240,-19.78324998
"BR-CODE-150928","5D3PBKXT","2015-08-16 15:26:33",-43.85014683,-19.78302504
"BR-CODE-150928","5D3PBKXU","2015-08-16 15:25:05",-43.84841434,-19.78322938
"BR-CODE-150928","5D3PBKXV","2015-08-16 15:30:15",-43.84964723,-19.78344257
"BR-CODE-150928","5D3PBKXW","2015-08-16 15:26:44",-43.85070006,-19.78302890
"BR-CODE-150928","5D3PBKXX","2015-08-16 15:27:38",-43.85046825,-19.78334884
"BR-CODE-150928","5D3PBKXY","2015-08-16 15:26:43",-43.85065583,-19.78304689
"BR-CODE-150928","5D3PBKXZ","2015-08-16 15:25:10",-43.84867092,-19.78311066
"BR-CODE-150928","5D3PBKY0","2015-08-16 15:27:41",-43.85056431,-19.78344676
"BR-CODE-150928","5D3PBKY1","2015-08-16 15:30:09",-43.85000515,-19.78332107
"BR-CODE-150928","5D3PBKY2","2015-08-16 15:30:36",-43.84821374,-19.78412086
"BR-CODE-150928","5D3PBKY3","2015-08-16 15:27:40",-43.85053264,-19.78341383
"BR-CODE-150928","5D3PBKY4","2015-08-16 15:30:44",-43.84790784,-19.78431087
"BR-CODE-150928","5D3PBKY5","2015-08-16 15:30:26",-43.84889834,-19.78373013
"BR-CODE-150928","5D3PBKY6","2015-08-16 15:24:59",-43.84813332,-19.78339239
"BR-CODE-150928","5D3PBKY7","2015-08-16 15:24:25",-43.84818087,-19.78477003
"BR-CODE-150928","5D3PBKY8","2015-08-16 15:30:04",-43.85026470,-19.78321429
"BR-CODE-150928","5D3PBKY9","2015-08-16 15:30:18",-43.84941989,-19.78350965
"BR-CODE-150928","5D3PBKYA","2015-08-16 15:27:37",-43.85043661,-19.78331583
"BR-CODE-150928","5D3PBKYB","2015-08-16 15:22:39",-43.85187193,-19.78320795
"BR-CODE-150928","5D3PBKYC","2015-08-16 15:25:42",-43.85024662,-19.78248482
"BR-CODE-150928","5D3PBKYD","2015-08-16 15:30:09",-43.85004862,-19.78330211
"BR-CODE-150928","5D3PBKYE","2015-08-16 15:25:23",-43.84941769,-19.78281138
"BR-CODE-150928","5D3PBKYF","2015-08-16 15:31:00",-43.84738474,-19.78418356
"BR-CODE-150928","5D3PBKYG","2015-08-16 15:25:40",-43.85016195,-19.78252128
"BR-CODE-150928","5D3PBKYH","2015-08-16 15:30:24",-43.84906629,-19.78365511
"BR-CODE-150928","5D3PBKYI","2015-08-16 15:25:23",-43.84946260,-19.78279966
"BR-CODE-150928","5D3PBKYJ","2015-08-16 15:24:38",-43.84770047,-19.78410520
"BR-CODE-150928","5D3PBKYK","2015-08-16 15:31:03",-43.84721685,-19.78426210
"BR-CODE-150928","5D3PBKYL","2015-08-16 15:26:42",-43.85056711,-19.78308189
"BR-CODE-150928","5D3PBKYM","2015-08-16 15:30:20",-43.84928516,-19.78356060
"BR-CODE-150928","5D3PBKYN","2015-08-16 15:24:32",-43.84791513,-19.78439854
"BR-CODE-150928","5D3PBKYO","2015-08-16 15:26:47",-43.85078730,-19.78299157
"BR-CODE-150928","5D3PBKYP","2015-08-16 15:30:08",-43.85009150,-19.78328308
"BR-CODE-150928","5D3PBKYQ","2015-08-16 15:26:39",-43.85043372,-19.78313243
"BR-CODE-150928","5D3PBKYR","2015-08-16 15:24:33",-43.84788787,-19.78436173
"BR-CODE-150928","5D3PBKYS","2015-08-16 15:30:29",-43.84869458,-19.78383291
"BR-CODE-150928","5D3PBKYT","2015-08-16 15:25:20",-43.84928668,-19.78285809
"BR-CODE-150928","5D3PBKYU","2015-08-16 15:31:15",-43.84705092,-19.78451428
"BR-CODE-150928","5D3PBKYV","2015-08-16 15:30:37",-43.84817450,-19.78414680
"BR-CODE-150928","5D3PBKYW","2015-08-16 15:30:30",-43.84865411,-19.78385569
"BR-CODE-150928","5D3PBKYX","2015-08-16 15:30:25",-43.84898145,-19.78369259
"BR-CODE-150928","5D3PBKYY","2015-08-16 15:26:30",-43.85001502,-19.78289544
"BR-CODE-150928","5D3PBKYZ","2015-08-16 15:26:27",-43.84989093,-19.78275938
"BR-CODE-150928","5D3PBKZ0","2015-08-16 15:30:33",-43.84841353,-19.78399722
"BR-CODE-150928","5D3PBKZ1","2015-08-16 15:26:35",-43.85024955,-19.78311864
"BR-CODE-150928","5D3PBKZ2","2015-08-16 15:26:38",-43.85038768,-19.78314709
"BR-CODE-150928","5D3PBKZ3","2015-08-16 15:30:24",-43.84902335,-19.78367405
"BR-CODE-150928","5D3PBKZ4","2015-08-16 15:31:28",-43.84732636,-19.78512914
"BR-CODE-150928","5D3PBKZ5","2015-08-16 15:30:32",-43.84849366,-19.78394928
"BR-CODE-150928","5D3PBKZ6","2015-08-16 15:30:31",-43.84853360,-19.78392527
"BR-CODE-150928","5D3PBKZ7","2015-08-16 15:24:50",-43.84766822,-19.78369986
"BR-CODE-150928","5D3PBKZ8","2015-08-16 15:26:32",-43.85011255,-19.78299376
"BR-CODE-150928","5D3PBKZ9","2015-08-16 15:23:06",-43.85036678,-19.78379418
"BR-CODE-150928","5D3PBKZA","2015-08-16 15:30:35",-43.84825364,-19.78409588
"BR-CODE-150928","5D3PBKZB","2015-08-16 15:22:53",-43.85090271,-19.78365191
"BR-CODE-150928","5D3PBKZC","2015-08-16 15:30:38",-43.84810080,-19.78420434
"BR-CODE-150928","5D3PBKZD","2015-08-16 15:23:30",-43.84932485,-19.78425614
"BR-CODE-150928","5D3PBKZE","2015-08-16 15:30:28",-43.84877557,-19.78379035
"BR-CODE-150928","5D3PBKZF","2015-08-16 15:31:20",-43.84714571,-19.78471860
"BR-CODE-150928","5D3PBKZG","2015-08-16 15:30:27",-43.84881587,-19.78376982
"BR-CODE-150928","5D3PBKZH","2015-08-16 15:31:12",-43.84701780,-19.78442873
"BR-CODE-150928","5D3PBKZI","2015-08-16 15:30:59",-43.84742626,-19.78416231
"BR-CODE-150928","5D3PBKZJ","2015-08-16 15:31:14",-43.84703126,-19.78447330
"BR-CODE-150928","5D3PBKZL","2015-08-16 15:30:30",-43.84861408,-19.78387858
"BR-CODE-150928","5D3PBKZM","2015-08-16 15:31:11",-43.84702207,-19.78438092
"BR-CODE-150928","5D3PBKZN","2015-08-16 15:31:48",-43.84729247,-19.78567783
"BR-CODE-150928","5D3PBKZO","2015-08-16 15:31:22",-43.84718781,-19.78479834
"BR-CODE-150928","5D3PBKZP","2015-08-16 15:32:05",-43.84698017,-19.78586149
"BR-CODE-150928","5D3PBKZQ","2015-08-16 15:30:17",-43.84951136,-19.78348214
"BR-CODE-150928","5D3PBKZR","2015-08-16 15:22:06",-43.85388202,-19.78246614
"BR-CODE-150928","5D3PBKZS","2015-08-16 15:25:21",-43.84933072,-19.78284081
"BR-CODE-150928","5D3PBKZT","2015-08-16 15:21:51",-43.85516509,-19.78250393
"BR-CODE-150928","5D3PBKZU","2015-08-16 15:23:34",-43.84911467,-19.78435849
"BR-CODE-150928","5D3PBKZV","2015-08-16 15:30:55",-43.84759743,-19.78408114
"BR-CODE-150928","5D3PBKZW","2015-08-16 15:30:23",-43.84910925,-19.78363576
"BR-CODE-150928","5D3PBKZX","2015-08-16 15:27:43",-43.85066404,-19.78354549
"BR-CODE-150928","5D3PBKZY","2015-08-16 15:31:22",-43.84720813,-19.78483822
"BR-CODE-150928","5D3PBKZZ","2015-08-16 15:32:19",-43.84697716,-19.78631351
"BR-CODE-150928","5D3PBL00","2015-08-16 15:22:21",-43.85268554,-19.78211626
"BR-CODE-150928","5D3PBL01","2015-08-16 15:30:13",-43.84978284,-19.78340066
"BR-CODE-150928","5D3PBL02","2015-08-16 15:23:13",-43.85008081,-19.78403594
"BR-CODE-150928","5D3PBL03","2015-08-16 15:31:33",-43.84743048,-19.78538228
"BR-CODE-150928","5D3PBL04","2015-08-16 15:32:26",-43.84695235,-19.78653622
"BR-CODE-150928","5D3PBL05","2015-08-16 15:30:41",-43.84799075,-19.78428973
"BR-CODE-150928","5D3PBL06","2015-08-16 15:31:06",-43.84709266,-19.78432129
"BR-CODE-150928","5D3PBL07","2015-08-16 15:31:01",-43.84730082,-19.78422390
"BR-CODE-150928","5D3PBL08","2015-08-16 15:31:25",-43.84725513,-19.78496508
"BR-CODE-150928","5D3PBL09","2015-08-16 15:30:57",-43.84751037,-19.78412014
"BR-CODE-150928","5D3PBL0A","2015-08-16 15:30:14",-43.84973734,-19.78341428
"BR-CODE-150928","5D3PBL0B","2015-08-16 15:31:30",-43.84735808,-19.78521322
"BR-CODE-150928","5D3PBL0C","2015-08-16 15:31:08",-43.84705274,-19.78434437
"BR-CODE-150928","5D3PBL0D","2015-08-16 15:25:19",-43.84919824,-19.78289157
"BR-CODE-150928","5D3PBL0E","2015-08-16 15:30:11",-43.84991725,-19.78335711
"BR-CODE-150928","5D3PBL0F","2015-08-16 15:30:20",-43.84932957,-19.78354250
"BR-CODE-150928","5D3PBL0G","2015-08-16 15:32:38",-43.84694943,-19.78689354
"BR-CODE-150928","5D3PBL0H","2015-08-16 15:30:22",-43.84919671,-19.78359757
"BR-CODE-150928","5D3PBL0I","2015-08-16 15:30:22",-43.84915267,-19.78361644
"BR-CODE-150928","5D3PBL0J","2015-08-16 15:31:04",-43.84717520,-19.78428138
"BR-CODE-150928","5D3PBL0K","2015-08-16 15:30:21",-43.84924090,-19.78357874
"BR-CODE-150928","5D3PBL0L","2015-08-16 15:31:24",-43.84723890,-19.78492250
"BR-CODE-150928","5D3PBL0M","2015-08-16 15:23:42",-43.84870764,-19.78459501
"BR-CODE-150928","5D3PBL0N","2015-08-16 15:31:31",-43.84737455,-19.78525604
"BR-CODE-150928","5D3PBL0O","2015-08-16 15:25:12",-43.84875695,-19.78307197
"BR-CODE-150928","5D3PBL0P","2015-08-16 15:31:16",-43.84706986,-19.78455482
"BR-CODE-150928","5D3PBL0Q","2015-08-16 15:26:30",-43.84998419,-19.78286182
"BR-CODE-150928","5D3PBL0R","2015-08-16 15:31:26",-43.84729053,-19.78504780
"BR-CODE-150928","5D3PBL0S","2015-08-16 15:32:10",-43.84696862,-19.78599833
"BR-CODE-150928","5D3PBL0T","2015-08-16 15:26:26",-43.84986554,-19.78271796
"BR-CODE-150928","5D3PBL0U","2015-08-16 15:22:47",-43.85129114,-19.78349972
"BR-CODE-150928","5D3PBL0V","2015-08-16 15:31:34",-43.84745017,-19.78542379
"BR-CODE-150928","5D3PBL0W","2015-08-16 15:31:44",-43.84737370,-19.78563520
"BR-CODE-150928","5D3PBL0X","2015-08-16 15:22:38",-43.85195240,-19.78316414
"BR-CODE-150928","5D3PBL0Y","2015-08-16 15:31:42",-43.84741298,-19.78561327
"BR-CODE-150928","5D3PBL0Z","2015-08-16 15:34:56",-43.84702077,-19.78544571
"BR-CODE-150928","5D3PBL10","2015-08-16 15:30:27",-43.84885676,-19.78374995
"BR-CODE-150928","5D3PBL11","2015-08-16 15:31:57",-43.84712382,-19.78574898
"BR-CODE-150928","5D3PBL12","2015-08-16 15:31:19",-43.84712508,-19.78467804
"BR-CODE-150928","5D3PBL13","2015-08-16 15:31:36",-43.84747630,-19.78550877
"BR-CODE-150928","5D3PBL14","2015-08-16 15:31:17",-43.84708785,-19.78459583
"BR-CODE-150928","5D3PBL15","2015-08-16 15:30:34",-43.84837342,-19.78402222
"BR-CODE-150928","5D3PBL16","2015-08-16 15:30:12",-43.84987307,-19.78337326
"BR-CODE-150928","5D3PBL17","2015-08-16 15:31:18",-43.84710650,-19.78463690
"BR-CODE-150928","5D3PBL18","2015-08-16 15:30:40",-43.84802707,-19.78426094
"BR-CODE-150928","5D3PBL19","2015-08-16 15:30:56",-43.84755290,-19.78409966
"BR-CODE-150928","5D3PBL1A","2015-08-16 15:24:40",-43.84761867,-19.78399570
"BR-CODE-150928","5D3PBL1B","2015-08-16 15:32:08",-43.84697020,-19.78595294
"BR-CODE-150928","5D3PBL1C","2015-08-16 15:30:37",-43.84813701,-19.78417533
"BR-CODE-150928","5D3PBL1D","2015-08-16 15:23:53",-43.84828802,-19.78487973
"BR-CODE-150928","5D3PBL1E","2015-08-16 15:36:32",-43.84711723,-19.78510466
"BR-CODE-150928","5D3PBL1F","2015-08-16 15:31:02",-43.84725868,-19.78424334
"BR-CODE-150928","5D3PBL1G","2015-08-16 15:36:27",-43.84693004,-19.78524071
"BR-CODE-150928","5D3PBL1H","2015-08-16 15:34:49",-43.84710195,-19.78560778
"BR-CODE-150928","5D3PBL1I","2015-08-16 15:32:20",-43.84697612,-19.78635764
"BR-CODE-150928","5D3PBL1J","2015-08-16 15:30:31",-43.84857392,-19.78390181
"BR-CODE-150928","5D3PBL1K","2015-08-16 15:31:26",-43.84727270,-19.78500685
"BR-CODE-150928","5D3PBL1L","2015-08-16 15:31:35",-43.84746692,-19.78546559
"BR-CODE-150928","5D3PBL1M","2015-08-16 15:32:49",-43.84708248,-19.78722880
"BR-CODE-150928","5D3PBL1N","2015-08-16 15:34:54",-43.84703745,-19.78548900
"BR-CODE-150928","5D3PBL1O","2015-08-16 15:36:54",-43.84693374,-19.78425723
"BR-CODE-150928","5D3PBL1P","2015-08-16 15:31:27",-43.84730845,-19.78508845
"BR-CODE-150928","5D3PBL1Q","2015-08-16 15:32:39",-43.84696486,-19.78693510
"BR-CODE-150928","5D3PBL1R","2015-08-16 15:30:32",-43.84845324,-19.78397309
"BR-CODE-150928","5D3PBL1S","2015-08-16 15:30:07",-43.85013359,-19.78326386
"BR-CODE-150928","5D3PBL1T","2015-08-16 15:37:27",-43.84745220,-19.78376558
"BR-CODE-150928","5D3PBL1U","2015-08-16 15:32:03",-43.84700187,-19.78582007
"BR-CODE-150928","5D3PBL1V","2015-08-16 15:31:56",-43.84716725,-19.78573215
"BR-CODE-150928","5D3PBL1W","2015-08-16 15:27:43",-43.85063000,-19.78351289
"BR-CODE-150928","5D3PBL1X","2015-08-16 15:30:58",-43.84746822,-19.78414071
"BR-CODE-150928","5D3PBL1Y","2015-08-16 15:32:37",-43.84693670,-19.78685013
"BR-CODE-150928","5D3PBL1Z","2015-08-16 15:34:48",-43.84712624,-19.78564823
"BR-CODE-150928","5D3PBL20","2015-08-16 15:34:51",-43.84707530,-19.78557025
"BR-CODE-150928","5D3PBL21","2015-08-16 15:32:23",-43.84696471,-19.78644725
"BR-CODE-150928","5D3PBL22","2015-08-16 15:34:57",-43.84700576,-19.78540180
"BR-CODE-150928","5D3PBL23","2015-08-16 15:25:16",-43.84897478,-19.78297571
"BR-CODE-150928","5D3PBL24","2015-08-16 15:35:28",-43.84655496,-19.78552577
"BR-CODE-150928","5D3PBL26","2015-08-16 15:32:31",-43.84692802,-19.78671518
"BR-CODE-150928","5D3PBL27","2015-08-16 15:31:05",-43.84713376,-19.78430085
"BR-CODE-150928","5D3PBL28","2015-08-16 15:32:35",-43.84692905,-19.78680528
"BR-CODE-150928","5D3PBL29","2015-08-16 15:31:51",-43.84725230,-19.78570097
"BR-CODE-150928","5D3PBL2A","2015-08-16 15:31:59",-43.84708115,-19.78576858
"BR-CODE-150928","5D3PBL2B","2015-08-16 15:30:19",-43.84937442,-19.78352529
"BR-CODE-150928","5D3PBL2C","2015-08-16 15:35:27",-43.84659251,-19.78549936
"BR-CODE-150928","5D3PBL2D","2015-08-16 15:34:34",-43.84686754,-19.78586265
"BR-CODE-150928","5D3PBL2E","2015-08-16 15:32:53",-43.84711350,-19.78731133
"BR-CODE-150928","5D3PBL2F","2015-08-16 15:32:12",-43.84696561,-19.78608840
"BR-CODE-150928","5D3PBL2G","2015-08-16 15:32:47",-43.84704689,-19.78714586
"BR-CODE-150928","5D3PBL2I","2015-08-16 15:37:27",-43.84748100,-19.78380162
"BR-CODE-150928","5D3PBL2J","2015-08-16 15:35:26",-43.84662948,-19.78547048
"BR-CODE-150928","5D3PBL2K","2015-08-16 15:36:26",-43.84689285,-19.78526903
"BR-CODE-150928","5D3PBL2L","2015-08-16 15:34:46",-43.84713931,-19.78569426
"BR-CODE-150928","5D3PBL2M","2015-08-16 15:34:31",-43.84682460,-19.78588116
"BR-CODE-150928","5D3PBL2N","2015-08-16 15:31:37",-43.84747117,-19.78555089
"BR-CODE-150928","5D3PBL2O","2015-08-16 15:35:10",-43.84686070,-19.78530076
"BR-CODE-150928","5D3PBL2Q","2015-08-16 15:36:28",-43.84696769,-19.78521355
"BR-CODE-150928","5D3PBL2R","2015-08-16 15:31:32",-43.84741101,-19.78534064
"BR-CODE-150928","5D3PBL2S","2015-08-16 15:36:55",-43.84691547,-19.78421530
"BR-CODE-150928","5D3PBL2T","2015-08-16 15:31:54",-43.84721182,-19.78571801
"BR-CODE-150928","5D3PBL2U","2015-08-16 15:35:17",-43.84681706,-19.78533394
"BR-CODE-150928","5D3PBL2V","2015-08-16 15:30:42",-43.84795083,-19.78430777
"BR-CODE-150928","5D3PBL2W","2015-08-16 15:30:05",-43.85021819,-19.78322623
"BR-CODE-150928","5D3PBL2X","2015-08-16 15:23:24",-43.84958327,-19.78430296
"BR-CODE-150928","5D3PBL2Z","2015-08-16 15:36:54",-43.84695179,-19.78429917
"BR-CODE-150928","5D3PBL30","2015-08-16 15:32:15",-43.84696807,-19.78617872
"BR-CODE-150928","5D3PBL31","2015-08-16 15:34:59",-43.84699157,-19.78535675
"BR-CODE-150928","5D3PBL32","2015-08-16 15:35:23",-43.84670330,-19.78541536
"BR-CODE-150928","5D3PBL33","2015-08-16 15:36:53",-43.84696995,-19.78434115
"BR-CODE-150928","5D3PBL35","2015-08-16 15:36:31",-43.84707947,-19.78513069
"BR-CODE-150928","5D3PBL36","2015-08-16 15:32:25",-43.84695898,-19.78649198
"BR-CODE-150928","5D3PBL38","2015-08-16 15:32:16",-43.84697019,-19.78622357
"BR-CODE-150928","5D3PBL39","2015-08-16 15:35:22",-43.84674017,-19.78538656
"BR-CODE-150928","5D3PBL3C","2015-08-16 15:31:40",-43.84744828,-19.78558637
"BR-CODE-150928","5D3PBL3D","2015-08-16 15:31:46",-43.84733307,-19.78565644
"BR-CODE-150928","5D3PBL3E","2015-08-16 15:32:07",-43.84697334,-19.78590687
"BR-CODE-150928","5D3PBL3F","2015-08-16 15:26:34",-43.85021471,-19.78308775
"BR-CODE-150928","5D3PBL3G","2015-08-16 15:32:29",-43.84693772,-19.78662518
"BR-CODE-150928","5D3PBL3J","2015-08-16 15:36:29",-43.84700518,-19.78518591
"BR-CODE-150928","5D3PBL3K","2015-08-16 15:35:32",-43.84643470,-19.78559827
"BR-CODE-150928","5D3PBL3M","2015-08-16 15:37:26",-43.84742349,-19.78372988
"BR-CODE-150928","5D3PBL3P","2015-08-16 15:32:45",-43.84703223,-19.78710388
"BR-CODE-150928","5D3PBL3Q","2015-08-16 15:35:01",-43.84697457,-19.78531528
"BR-CODE-150928","5D3PBL3R","2015-08-16 15:26:45",-43.85074396,-19.78301092
"BR-CODE-150928","5D3PBL3Y","2015-08-16 15:25:25",-43.84955266,-19.78277171
"BR-CODE-150928","5D3PBL40","2015-08-16 15:31:21",-43.84716697,-19.78475849
"BR-CODE-150928","5D3PBL42","2015-08-16 15:26:36",-43.85028910,-19.78314581
"BR-CODE-150928","5D3PBL44","2015-08-16 15:24:34",-43.84786188,-19.78432461
"BR-CODE-150928","5D3PBL45","2015-08-16 15:32:51",-43.84709976,-19.78726974
"BR-CODE-150928","5D3PBL46","2015-08-16 15:30:39",-43.84806415,-19.78423338
"BR-CODE-150928","5D3PBL47","2015-08-16 15:35:31",-43.84647452,-19.78557411
"BR-CODE-150928","5D3PBL48","2015-08-16 15:31:00",-43.84734309,-19.78420423
"BR-CODE-150928","5D3PBL49","2015-08-16 15:27:36",-43.85040654,-19.78328147
"BR-CODE-150928","5D3PBL4A","2015-08-16 15:35:20",-43.84677927,-19.78536011
"BR-CODE-150928","5D3PBL4E","2015-08-16 15:31:31",-43.84739206,-19.78529858
"BR-CODE-150928","5D3PBL4H","2015-08-16 15:36:33",-43.84715647,-19.78507856
"BR-CODE-150928","5D3PBL4I","2015-08-16 15:25:39",-43.85011943,-19.78253920
"BR-CODE-150928","5D3PBL4N","2015-08-16 15:32:44",-43.84701712,-19.78706054
"BR-CODE-150928","5D3PBL4P","2015-08-16 15:32:48",-43.84706428,-19.78718745
"BR-CODE-150928","5D3PBL4U","2015-08-16 15:30:14",-43.84969229,-19.78342855
"BR-CODE-150928","5D3PBL4Y","2015-08-16 15:36:30",-43.84704234,-19.78515788
"BR-CODE-150928","5D3PBL53","2015-08-16 15:36:35",-43.84719603,-19.78505496
"BR-CODE-150928","5D3PBL56","2015-08-16 15:32:27",-43.84694421,-19.78658074
"BR-CODE-150928","5D3PBL58","2015-08-16 15:25:27",-43.84964251,-19.78274232
"BR-CODE-150928","5D3PBL59","2015-08-16 15:24:44",-43.84752024,-19.78384532
"BR-CODE-150928","5D3PBL5E","2015-08-16 15:32:11",-43.84696755,-19.78604343
"BR-CODE-150928","5D3PBL5H","2015-08-16 15:27:39",-43.85050037,-19.78338132
"BR-CODE-150928","5D3PBL5Y","2015-08-16 15:32:41",-43.84698366,-19.78697713
"BR-CODE-150928","5D3PBL62","2015-08-16 15:30:34",-43.84833338,-19.78404652
"BR-CODE-150928","5D3PBL67","2015-08-16 15:31:23",-43.84722368,-19.78488008
"BR-CODE-150928","5D3PBL69","2015-08-16 15:30:29",-43.84873460,-19.78381154
"BR-CODE-150928","5D3PBL6E","2015-08-16 15:32:42",-43.84700158,-19.78701862
"BR-CODE-150928","5D3PBL6G","2015-08-16 15:36:52",-43.84698840,-19.78438325
"BR-CODE-150928","5D3PBL7H","2015-08-16 15:32:14",-43.84696622,-19.78613357
"BR-CODE-150928","5D3PBL82","2015-08-16 15:34:36",-43.84691026,-19.78584335
"BR-CODE-150928","5D3PBL84","2015-08-16 15:31:29",-43.84734254,-19.78517050
"BR-CODE-150928","5D3PBL86","2015-08-16 15:30:35",-43.84829346,-19.78407122
"BR-CODE-150928","5D3PBL8K","2015-08-16 15:32:33",-43.84692655,-19.78676082
"BR-CODE-150928","5D3PBL8M","2015-08-16 15:32:22",-43.84697107,-19.78640223
"BR-CODE-150928","5D3PBL8N","2015-08-16 15:32:18",-43.84697417,-19.78626895
"BR-CODE-150928","5D3PBL8X","2015-08-16 15:35:30",-43.84651468,-19.78555058
"BR-CODE-150928","5D3PBL90","2015-08-16 15:32:30",-43.84693208,-19.78667032
"BR-CODE-150928","5D3PBL9F","2015-08-16 15:36:38",-43.84722998,-19.78501829
"BR-CODE-150928","5D3PBLAA","2015-08-16 15:32:01",-43.84703992,-19.78578988
"BR-CODE-150928","5D3PBLAG","2015-08-16 15:35:24",-43.84666617,-19.78544145
"BR-CODE-150928","5D3PBLAR","2015-08-16 15:34:53",-43.84705305,-19.78553126
"BR-CODE-150928","5D3PDUK2","2015-08-16 14:50:14",-43.85797573,-19.78318383
"BR-CODE-150928","5D3PDUK3","2015-08-16 14:50:18",-43.85799211,-19.78332045
"BR-CODE-150928","5D3PDUK4","2015-08-16 14:50:10",-43.85796410,-19.78309259
"BR-CODE-150928","5D3PDUK5","2015-08-16 14:50:15",-43.85798135,-19.78322948
"BR-CODE-150928","5D3PDUK6","2015-08-16 14:51:35",-43.85780170,-19.78335265
"BR-CODE-150928","5D3PDUK7","2015-08-16 14:50:09",-43.85795915,-19.78304638
"BR-CODE-150928","5D3PDUK8","2015-08-16 14:51:39",-43.85780280,-19.78370623
"BR-CODE-150928","5D3PDUK9","2015-08-16 14:50:08",-43.85795509,-19.78299955
"BR-CODE-150928","5D3PDUKA","2015-08-16 14:51:34",-43.85780223,-19.78326398
"BR-CODE-150928","5D3PDUKB","2015-08-16 14:51:37",-43.85780235,-19.78352964
"BR-CODE-150928","5D3PDUKC","2015-08-16 14:51:38",-43.85780288,-19.78366212
"BR-CODE-150928","5D3PDUKD","2015-08-16 14:51:45",-43.85779362,-19.78441133
"BR-CODE-150928","5D3PDUKE","2015-08-16 14:51:43",-43.85779794,-19.78419130
"BR-CODE-150928","5D3PDUKF","2015-08-16 14:51:30",-43.85779536,-19.78295240
"BR-CODE-150928","5D3PDUKG","2015-08-16 14:51:48",-43.85779280,-19.78480746
"BR-CODE-150928","5D3PDUKH","2015-08-16 14:50:20",-43.85799774,-19.78336645
"BR-CODE-150928","5D3PDUKI","2015-08-16 14:51:50",-43.85779213,-19.78498329
"BR-CODE-150928","5D3PDUKJ","2015-08-16 14:51:45",-43.85779174,-19.78445529
"BR-CODE-150928","5D3PDUKK","2015-08-16 14:51:52",-43.85780007,-19.78524757
"BR-CODE-150928","5D3PDUKL","2015-08-16 14:51:56",-43.85785360,-19.78572924
"BR-CODE-150928","5D3PDUKM","2015-08-16 14:51:36",-43.85780214,-19.78348530
"BR-CODE-150928","5D3PDUKN","2015-08-16 14:51:53",-43.85781727,-19.78542324
"BR-CODE-150928","5D3PDUKO","2015-08-16 14:51:54",-43.85783240,-19.78555446
"BR-CODE-150928","5D3PDUKP","2015-08-16 14:51:57",-43.85787250,-19.78586026
"BR-CODE-150928","5D3PDUKQ","2015-08-16 14:51:58",-43.85790293,-19.78603412
"BR-CODE-150928","5D3PDUKR","2015-08-16 14:52:01",-43.85797725,-19.78637964
"BR-CODE-150928","5D3PDUKS","2015-08-16 14:52:11",-43.85834595,-19.78742680
"BR-CODE-150928","5D3PDUKT","2015-08-16 14:51:56",-43.85785950,-19.78577296
"BR-CODE-150928","5D3PDUKU","2015-08-16 14:51:59",-43.85791141,-19.78607745
"BR-CODE-150928","5D3PDUKV","2015-08-16 14:50:17",-43.85798665,-19.78327461
"BR-CODE-150928","5D3PDUKW","2015-08-16 14:52:19",-43.85876311,-19.78817173
"BR-CODE-150928","5D3PDUKX","2015-08-16 14:52:07",-43.85816437,-19.78697492
"BR-CODE-150928","5D3PDUKY","2015-08-16 14:51:58",-43.85788695,-19.78594723
"BR-CODE-150928","5D3PDUKZ","2015-08-16 14:51:51",-43.85779672,-19.78520364
"BR-CODE-150928","5D3PDUL0","2015-08-16 14:52:16",-43.85862460,-19.78794039
"BR-CODE-150928","5D3PDUL1","2015-08-16 14:52:05",-43.85809988,-19.78680571
"BR-CODE-150928","5D3PDUL2","2015-08-16 14:50:06",-43.85795221,-19.78295256
"BR-CODE-150928","5D3PDUL3","2015-08-16 14:53:14",-43.85810542,-19.78690696
"BR-CODE-150928","5D3PDUL4","2015-08-16 14:52:16",-43.85864755,-19.78797899
"BR-CODE-150928","5D3PDUL5","2015-08-16 14:52:11",-43.85836513,-19.78746735
"BR-CODE-150928","5D3PDUL6","2015-08-16 14:52:10",-43.85832716,-19.78738611
"BR-CODE-150928","5D3PDUL7","2015-08-16 14:51:16",-43.85794590,-19.78283581
"BR-CODE-150928","5D3PDUL8","2015-08-16 14:51:38",-43.85780280,-19.78361800
"BR-CODE-150928","5D3PDUL9","2015-08-16 14:53:06",-43.85848831,-19.78777953
"BR-CODE-150928","5D3PDULA","2015-08-16 14:53:07",-43.85842376,-19.78765929
"BR-CODE-150928","5D3PDULB","2015-08-16 14:53:09",-43.85834437,-19.78749622
"BR-CODE-150928","5D3PDULC","2015-08-16 14:53:11",-43.85823003,-19.78725138
"BR-CODE-150928","5D3PDULD","2015-08-16 14:53:08",-43.85840362,-19.78761858
"BR-CODE-150928","5D3PDULE","2015-08-16 14:51:05",-43.85797120,-19.78314845
"BR-CODE-150928","5D3PDULF","2015-08-16 14:52:14",-43.85853352,-19.78778565
"BR-CODE-150928","5D3PDULG","2015-08-16 14:52:12",-43.85838480,-19.78750772
"BR-CODE-150928","5D3PDULH","2015-08-16 14:53:04",-43.85862859,-19.78801511
"BR-CODE-150928","5D3PDULI","2015-08-16 14:53:11",-43.85824802,-19.78729250
"BR-CODE-150928","5D3PDULJ","2015-08-16 14:53:21",-43.85784974,-19.78597269
"BR-CODE-150928","5D3PDULK","2015-08-16 14:53:12",-43.85819554,-19.78716861
"BR-CODE-150928","5D3PDULL","2015-08-16 14:50:21",-43.85800325,-19.78341227
"BR-CODE-150928","5D3PDULM","2015-08-16 14:50:23",-43.85800716,-19.78345666
"BR-CODE-150928","5D3PDULN","2015-08-16 14:53:23",-43.85780643,-19.78566861
"BR-CODE-150928","5D3PDULO","2015-08-16 14:53:27",-43.85776622,-19.78518603
"BR-CODE-150928","5D3PDULP","2015-08-16 14:53:39",-43.85730781,-19.78504478
"BR-CODE-150928","5D3PDULQ","2015-08-16 14:51:36",-43.85780204,-19.78344106
"BR-CODE-150928","5D3PDULR","2015-08-16 14:52:06",-43.85812819,-19.78688871
"BR-CODE-150928","5D3PDULS","2015-08-16 14:51:15",-43.85795092,-19.78288051
"BR-CODE-150928","5D3PDULT","2015-08-16 14:51:37",-43.85780257,-19.78357384
"BR-CODE-150928","5D3PDULU","2015-08-16 14:51:40",-43.85780105,-19.78388281
"BR-CODE-150928","5D3PDULV","2015-08-16 14:53:14",-43.85807478,-19.78682285
"BR-CODE-150928","5D3PDULW","2015-08-16 14:53:27",-43.85776952,-19.78523011
"BR-CODE-150928","5D3PDULX","2015-08-16 14:53:36",-43.85745837,-19.78494362
"BR-CODE-150928","5D3PDULY","2015-08-16 14:51:39",-43.85780261,-19.78375049
"BR-CODE-150928","5D3PDULZ","2015-08-16 14:51:35",-43.85780168,-19.78330823
"BR-CODE-150928","5D3PDUM0","2015-08-16 14:53:28",-43.85776282,-19.78514187
"BR-CODE-150928","5D3PDUM1","2015-08-16 14:51:44",-43.85779634,-19.78427931
"BR-CODE-150928","5D3PDUM2","2015-08-16 14:51:46",-43.85778825,-19.78454353
"BR-CODE-150928","5D3PDUM3","2015-08-16 14:51:51",-43.85779253,-19.78511545
"BR-CODE-150928","5D3PDUM4","2015-08-16 14:53:54",-43.85679509,-19.78563168
"BR-CODE-150928","5D3PDUM5","2015-08-16 14:53:26",-43.85777241,-19.78527431
"BR-CODE-150928","5D3PDUM6","2015-08-16 14:52:14",-43.85848997,-19.78770718
"BR-CODE-150928","5D3PDUM7","2015-08-16 14:51:46",-43.85778777,-19.78458775
"BR-CODE-150928","5D3PDUM8","2015-08-16 14:53:40",-43.85723070,-19.78509211
"BR-CODE-150928","5D3PDUM9","2015-08-16 14:51:40",-43.85780160,-19.78383869
"BR-CODE-150928","5D3PDUMA","2015-08-16 14:53:49",-43.85690014,-19.78538716
"BR-CODE-150928","5D3PDUMB","2015-08-16 14:51:50",-43.85779145,-19.78502727
"BR-CODE-150928","5D3PDUMC","2015-08-16 14:53:21",-43.85785747,-19.78601601
"BR-CODE-150928","5D3PDUMD","2015-08-16 14:53:43",-43.85711458,-19.78516214
"BR-CODE-150928","5D3PDUME","2015-08-16 14:52:02",-43.85801000,-19.78650835
"BR-CODE-150928","5D3PDUMF","2015-08-16 14:51:53",-43.85780787,-19.78533576
"BR-CODE-150928","5D3PDUMG","2015-08-16 14:53:46",-43.85700419,-19.78524211
"BR-CODE-150928","5D3PDUMH","2015-08-16 14:51:47",-43.85778925,-19.78467592
"BR-CODE-150928","5D3PDUMI","2015-08-16 14:51:29",-43.85778691,-19.78286258
"BR-CODE-150928","5D3PDUMJ","2015-08-16 14:53:06",-43.85851065,-19.78781912
"BR-CODE-150928","5D3PDUMK","2015-08-16 14:51:47",-43.85778826,-19.78463197
"BR-CODE-150928","5D3PDUML","2015-08-16 14:51:59",-43.85792864,-19.78616408
"BR-CODE-150928","5D3PDUMM","2015-08-16 14:51:43",-43.85779717,-19.78423535
"BR-CODE-150928","5D3PDUMN","2015-08-16 14:53:35",-43.85749759,-19.78491918
"BR-CODE-150928","5D3PDUMO","2015-08-16 14:53:53",-43.85683052,-19.78554983
"BR-CODE-150928","5D3PDUMP","2015-08-16 14:52:03",-43.85802158,-19.78655117
"BR-CODE-150928","5D3PDUMQ","2015-08-16 14:52:04",-43.85805859,-19.78667904
"BR-CODE-150928","5D3PDUMR","2015-08-16 14:53:29",-43.85775362,-19.78500690
"BR-CODE-150928","5D3PDUMS","2015-08-16 14:51:54",-43.85782741,-19.78551067
"BR-CODE-150928","5D3PDUMT","2015-08-16 14:51:55",-43.85784798,-19.78568555
"BR-CODE-150928","5D3PDUMU","2015-08-16 14:52:12",-43.85842580,-19.78758755
"BR-CODE-150928","5D3PDUMV","2015-08-16 14:51:59",-43.85792003,-19.78612073
"BR-CODE-150928","5D3PDUMW","2015-08-16 14:51:57",-43.85786576,-19.78581666
"BR-CODE-150928","5D3PDUMX","2015-08-16 14:52:00",-43.85793763,-19.78620741
"BR-CODE-150928","5D3PDUMY","2015-08-16 14:51:51",-43.85779428,-19.78515956
"BR-CODE-150928","5D3PDUMZ","2015-08-16 14:53:05",-43.85853355,-19.78785875
"BR-CODE-150928","5D3PDUN0","2015-08-16 14:53:22",-43.85782258,-19.78579921
"BR-CODE-150928","5D3PDUN1","2015-08-16 14:51:41",-43.85780038,-19.78392689
"BR-CODE-150928","5D3PDUN2","2015-08-16 14:52:00",-43.85794706,-19.78625054
"BR-CODE-150928","5D3PDUN3","2015-08-16 14:51:32",-43.85780192,-19.78313077
"BR-CODE-150928","5D3PDUN4","2015-08-16 14:52:18",-43.85873971,-19.78813328
"BR-CODE-150928","5D3PDUN5","2015-08-16 14:52:08",-43.85820747,-19.78709678
"BR-CODE-150928","5D3PDUN6","2015-08-16 14:51:28",-43.85778284,-19.78281627
"BR-CODE-150928","5D3PDUN7","2015-08-16 14:52:09",-43.85823937,-19.78718026
"BR-CODE-150928","5D3PDUN8","2015-08-16 14:52:03",-43.85803358,-19.78659398
"BR-CODE-150928","5D3PDUN9","2015-08-16 14:52:13",-43.85844706,-19.78762736
"BR-CODE-150928","5D3PDUNA","2015-08-16 14:52:04",-43.85804583,-19.78663655
"BR-CODE-150928","5D3PDUNB","2015-08-16 14:52:18",-43.85871645,-19.78809476
"BR-CODE-150928","5D3PDUNC","2015-08-16 14:53:08",-43.85838390,-19.78757762
"BR-CODE-150928","5D3PDUND","2015-08-16 14:52:09",-43.85825571,-19.78722175
"BR-CODE-150928","5D3PDUNE","2015-08-16 14:53:30",-43.85774444,-19.78496051
"BR-CODE-150928","5D3PDUNF","2015-08-16 14:53:14",-43.85808982,-19.78686493
"BR-CODE-150928","5D3PDUNG","2015-08-16 14:53:13",-43.85815283,-19.78703293
"BR-CODE-150928","5D3PDUNH","2015-08-16 14:53:08",-43.85836417,-19.78753679
"BR-CODE-150928","5D3PDUNI","2015-08-16 14:53:10",-43.85826672,-19.78733359
"BR-CODE-150928","5D3PDUNJ","2015-08-16 14:53:20",-43.85787440,-19.78610231
"BR-CODE-150928","5D3PDUNK","2015-08-16 14:53:04",-43.85858029,-19.78793718
"BR-CODE-150928","5D3PDUNL","2015-08-16 14:53:23",-43.85781146,-19.78571212
"BR-CODE-150928","5D3PDUNM","2015-08-16 14:51:24",-43.85783652,-19.78273774
"BR-CODE-150928","5D3PDUNN","2015-08-16 14:53:26",-43.85777553,-19.78531841
"BR-CODE-150928","5D3PDUNO","2015-08-16 14:53:11",-43.85821256,-19.78721008
"BR-CODE-150928","5D3PDUNP","2015-08-16 14:54:12",-43.85648639,-19.78611740
"BR-CODE-150928","5D3PDUNQ","2015-08-16 14:51:41",-43.85779994,-19.78397088
"BR-CODE-150928","5D3PDUNR","2015-08-16 14:51:26",-43.85779191,-19.78276783
"BR-CODE-150928","5D3PDUNS","2015-08-16 14:53:13",-43.85812110,-19.78694900
"BR-CODE-150928","5D3PDUNT","2015-08-16 14:53:10",-43.85828559,-19.78737444
"BR-CODE-150928","5D3PDUNU","2015-08-16 14:52:16",-43.85860158,-19.78790187
"BR-CODE-150928","5D3PDUNV","2015-08-16 14:53:28",-43.85775694,-19.78505245
"BR-CODE-150928","5D3PDUNW","2015-08-16 14:50:51",-43.85799044,-19.78351268
"BR-CODE-150928","5D3PDUNX","2015-08-16 14:51:18",-43.85793446,-19.78278915
"BR-CODE-150928","5D3PDUNY","2015-08-16 14:53:25",-43.85778557,-19.78545010
"BR-CODE-150928","5D3PDUNZ","2015-08-16 14:51:31",-43.85779799,-19.78299708
"BR-CODE-150928","5D3PDUO0","2015-08-16 14:53:43",-43.85707646,-19.78518668
"BR-CODE-150928","5D3PDUO1","2015-08-16 14:53:09",-43.85830469,-19.78741535
"BR-CODE-150928","5D3PDUO2","2015-08-16 14:52:15",-43.85855582,-19.78782460
"BR-CODE-150928","5D3PDUO3","2015-08-16 14:51:53",-43.85781232,-19.78537943
"BR-CODE-150928","5D3PDUO4","2015-08-16 14:51:41",-43.85779941,-19.78401490
"BR-CODE-150928","5D3PDUO5","2015-08-16 14:51:43",-43.85779831,-19.78414725
"BR-CODE-150928","5D3PDUO6","2015-08-16 14:51:35",-43.85780184,-19.78339695
"BR-CODE-150928","5D3PDUO7","2015-08-16 14:53:40",-43.85726950,-19.78506859
"BR-CODE-150928","5D3PDUO8","2015-08-16 14:51:52",-43.85780382,-19.78529157
"BR-CODE-150928","5D3PDUO9","2015-08-16 14:53:56",-43.85675743,-19.78571361
"BR-CODE-150928","5D3PDUOA","2015-08-16 14:54:07",-43.85653898,-19.78616996
"BR-CODE-150928","5D3PDUOB","2015-08-16 14:52:01",-43.85796684,-19.78633665
"BR-CODE-150928","5D3PDUOC","2015-08-16 14:52:06",-43.85814353,-19.78693024
"BR-CODE-150928","5D3PDUOD","2015-08-16 14:53:52",-43.85684810,-19.78550879
"BR-CODE-150928","5D3PDUOE","2015-08-16 14:53:06",-43.85846614,-19.78773968
"BR-CODE-150928","5D3PDUOF","2015-08-16 14:51:54",-43.85782227,-19.78546695
"BR-CODE-150928","5D3PDUOG","2015-08-16 14:51:50",-43.85779148,-19.78507144
"BR-CODE-150928","5D3PDUOH","2015-08-16 14:51:45",-43.85779496,-19.78436734
"BR-CODE-150928","5D3PDUOI","2015-08-16 14:53:37",-43.85742086,-19.78496941
"BR-CODE-150928","5D3PDUOJ","2015-08-16 14:53:33",-43.85763329,-19.78488114
"BR-CODE-150928","5D3PDUOK","2015-08-16 14:51:57",-43.85787969,-19.78590377
"BR-CODE-150928","5D3PDUOL","2015-08-16 14:53:24",-43.85779324,-19.78553771
"BR-CODE-150928","5D3PDUOM","2015-08-16 14:51:47",-43.85779026,-19.78471970
"BR-CODE-150928","5D3PDUON","2015-08-16 14:53:32",-43.85768163,-19.78488910
"BR-CODE-150928","5D3PDUOO","2015-08-16 14:52:08",-43.85822335,-19.78713839
"BR-CODE-150928","5D3PDUOP","2015-08-16 14:51:49",-43.85779310,-19.78485128
"BR-CODE-150928","5D3PDUOQ","2015-08-16 14:54:10",-43.85648202,-19.78614269
"BR-CODE-150928","5D3PDUOR","2015-08-16 14:53:55",-43.85677646,-19.78567261
"BR-CODE-150928","5D3PDUOS","2015-08-16 14:51:55",-43.85783744,-19.78559818
"BR-CODE-150928","5D3PDUOT","2015-08-16 14:53:22",-43.85783555,-19.78588600
"BR-CODE-150928","5D3PDUOU","2015-08-16 14:53:44",-43.85703908,-19.78521245
"BR-CODE-150928","5D3PDUOV","2015-08-16 14:53:42",-43.85715305,-19.78513841
"BR-CODE-150928","5D3PDUOW","2015-08-16 14:53:38",-43.85734582,-19.78502033
"BR-CODE-150928","5D3PDUOX","2015-08-16 14:51:42",-43.85779851,-19.78410316
"BR-CODE-150928","5D3PDUOY","2015-08-16 14:52:02",-43.85798771,-19.78642263
"BR-CODE-150928","5D3PDUOZ","2015-08-16 14:53:59",-43.85669729,-19.78588193
"BR-CODE-150928","5D3PDUP0","2015-08-16 14:53:04",-43.85860437,-19.78797610
"BR-CODE-150928","5D3PDUP1","2015-08-16 14:51:58",-43.85789481,-19.78599068
"BR-CODE-150928","5D3PDUP2","2015-08-16 14:53:47",-43.85697270,-19.78527499
"BR-CODE-150928","5D3PDUP3","2015-08-16 14:52:01",-43.85795669,-19.78629361
"BR-CODE-150928","5D3PDUP4","2015-08-16 14:52:02",-43.85799869,-19.78646554
"BR-CODE-150928","5D3PDUP5","2015-08-16 14:51:55",-43.85784261,-19.78564192
"BR-CODE-150928","5D3PDUP6","2015-08-16 14:54:01",-43.85666881,-19.78596464
"BR-CODE-150928","5D3PDUP7","2015-08-16 14:53:07",-43.85844459,-19.78769958
"BR-CODE-150928","5D3PDUP8","2015-08-16 14:51:44",-43.85779537,-19.78432331
"BR-CODE-150928","5D3PDUP9","2015-08-16 14:52:07",-43.85819140,-19.78705514
"BR-CODE-150928","5D3PDUPA","2015-08-16 14:52:14",-43.85851160,-19.78774651
"BR-CODE-150928","5D3PDUPB","2015-08-16 14:53:12",-43.85818527,-19.78711723
"BR-CODE-150928","5D3PDUPC","2015-08-16 14:53:09",-43.85832449,-19.78745575
"BR-CODE-150928","5D3PDUPD","2015-08-16 14:54:08",-43.85650336,-19.78616664
"BR-CODE-150928","5D3PDUPE","2015-08-16 14:52:09",-43.85827275,-19.78726317
"BR-CODE-150928","5D3PDUPF","2015-08-16 14:52:05",-43.85811464,-19.78684766
"BR-CODE-150928","5D3PDUPG","2015-08-16 14:53:25",-43.85778927,-19.78549396
"BR-CODE-150928","5D3PDUPH","2015-08-16 14:51:46",-43.85778974,-19.78449930
"BR-CODE-150928","5D3PDUPI","2015-08-16 14:53:21",-43.85784247,-19.78592935
"BR-CODE-150928","5D3PDUPJ","2015-08-16 14:53:05",-43.85855662,-19.78789807
"BR-CODE-150928","5D3PDUPK","2015-08-16 14:52:05",-43.85808568,-19.78676357
"BR-CODE-150928","5D3PDUPL","2015-08-16 14:53:22",-43.85782882,-19.78584259
"BR-CODE-150928","5D3PDUPM","2015-08-16 14:53:15",-43.85806016,-19.78678050
"BR-CODE-150928","5D3PDUPN","2015-08-16 14:53:25",-43.85778194,-19.78540628
"BR-CODE-150928","5D3PDUPO","2015-08-16 14:51:32",-43.85780106,-19.78308633
"BR-CODE-150928","5D3PDUPP","2015-08-16 14:54:04",-43.85661342,-19.78608023
"BR-CODE-150928","5D3PDUPQ","2015-08-16 14:53:26",-43.85777867,-19.78536246
"BR-CODE-150928","5D3PDUPR","2015-08-16 14:52:04",-43.85807192,-19.78672145
"BR-CODE-150928","5D3PDUPS","2015-08-16 14:51:29",-43.85779167,-19.78290764
"BR-CODE-150928","5D3PDUPT","2015-08-16 14:53:31",-43.85772173,-19.78491763
"BR-CODE-150928","5D3PDUPU","2015-08-16 14:53:57",-43.85673947,-19.78575426
"BR-CODE-150928","5D3PDUPV","2015-08-16 14:53:13",-43.85813682,-19.78699099
"BR-CODE-150928","5D3PDUPW","2015-08-16 14:53:20",-43.85786573,-19.78605916
"BR-CODE-150928","5D3PDUPX","2015-08-16 14:53:28",-43.85775987,-19.78509727
"BR-CODE-150928","5D3PDUPY","2015-08-16 14:53:50",-43.85688227,-19.78542725
"BR-CODE-150928","5D3PDUPZ","2015-08-16 14:53:48",-43.85694462,-19.78531051
"BR-CODE-150928","5D3PDUQ0","2015-08-16 14:52:15",-43.85857862,-19.78786327
"BR-CODE-150928","5D3PDUQ1","2015-08-16 14:51:39",-43.85780217,-19.78379452
"BR-CODE-150928","5D3PDUQ2","2015-08-16 14:54:02",-43.85665117,-19.78600423
"BR-CODE-150928","5D3PDUQ3","2015-08-16 14:54:05",-43.85659265,-19.78611606
"BR-CODE-150928","5D3PDUQ4","2015-08-16 14:53:58",-43.85671034,-19.78583978
"BR-CODE-150928","5D3PDUQ5","2015-08-16 14:53:48",-43.85692041,-19.78534843
"BR-CODE-150928","5D3PDUQ6","2015-08-16 14:53:24",-43.85779739,-19.78558140
"BR-CODE-150928","5D3PDUQ7","2015-08-16 14:54:00",-43.85668369,-19.78592380
"BR-CODE-150928","5D3PDUQ8","2015-08-16 14:53:35",-43.85754024,-19.78489902
"BR-CODE-150928","5D3PDUQ9","2015-08-16 14:53:34",-43.85758599,-19.78488630
"BR-CODE-150928","5D3PDUQA","2015-08-16 14:51:33",-43.85780223,-19.78317535
"BR-CODE-150928","5D3PDUQB","2015-08-16 14:53:41",-43.85719204,-19.78511513
"BR-CODE-150928","5D3PDUQC","2015-08-16 14:52:10",-43.85829045,-19.78730436
"BR-CODE-150928","5D3PDUQD","2015-08-16 14:51:34",-43.85780228,-19.78321976
"BR-CODE-150928","5D3PDUQE","2015-08-16 14:53:51",-43.85686515,-19.78546801
"BR-CODE-150928","5D3PDUQF","2015-08-16 14:52:17",-43.85869325,-19.78805624
"BR-CODE-150928","5D3PDUQG","2015-08-16 14:53:53",-43.85681309,-19.78559084
"BR-CODE-150928","5D3PDUQH","2015-08-16 14:51:48",-43.85779162,-19.78476358
"BR-CODE-150928","5D3PDUQI","2015-08-16 14:54:06",-43.85657012,-19.78614929
"BR-CODE-150928","5D3PDUQJ","2015-08-16 14:52:10",-43.85830859,-19.78734532
"BR-CODE-150928","5D3PDUQK","2015-08-16 14:51:49",-43.85779268,-19.78493926
"BR-CODE-150928","5D3PDUQL","2015-08-16 14:54:03",-43.85663279,-19.78604279
"BR-CODE-150928","5D3PDUQM","2015-08-16 14:53:22",-43.85781695,-19.78575568
"BR-CODE-150928","5D3PDUQN","2015-08-16 14:53:57",-43.85672370,-19.78579687
"BR-CODE-150928","5D3PDUQO","2015-08-16 14:52:07",-43.85817533,-19.78701358
"BR-CODE-150928","5D3PDUQP","2015-08-16 14:52:13",-43.85846848,-19.78766733
"BR-CODE-150928","5D3PDUQQ","2015-08-16 14:53:12",-43.85816903,-19.78707516
"BR-CODE-150928","5D3PDUQR","2015-08-16 14:52:17",-43.85867024,-19.78801767
"BR-CODE-150928","5D3PDUQS","2015-08-16 14:53:38",-43.85738347,-19.78499511
"BR-CODE-150928","5D3PDUQT","2015-08-16 14:51:31",-43.85779962,-19.78304168
"BR-CODE-150928","5D3PDUQU","2015-08-16 14:51:42",-43.85779875,-19.78405901
"BR-CODE-150928","5D3PDUQV","2015-08-16 14:51:49",-43.85779315,-19.78489531
"BR-CODE-150928","5D3PDUQW","2015-08-16 14:52:12",-43.85840509,-19.78754771
"BR-CODE-150928","5D3PDUQX","2015-08-16 14:53:23",-43.85780190,-19.78562539
"BR-CODE-150928","5D3PDUQY","2015-08-16 14:54:14",-43.85650960,-19.78609291
"BR-CODE-150928","5D3PDUQZ","2015-08-16 14:53:15",-43.85803254,-19.78669544
